-- MySQL dump 10.13  Distrib 5.5.44, for debian-linux-gnu (x86_64)
--
-- Host: localhost    Database: stockport
-- ------------------------------------------------------
-- Server version	5.5.44-0ubuntu0.14.04.1

/*!40101 SET @OLD_CHARACTER_SET_CLIENT=@@CHARACTER_SET_CLIENT */;
/*!40101 SET @OLD_CHARACTER_SET_RESULTS=@@CHARACTER_SET_RESULTS */;
/*!40101 SET @OLD_COLLATION_CONNECTION=@@COLLATION_CONNECTION */;
/*!40101 SET NAMES utf8 */;
/*!40103 SET @OLD_TIME_ZONE=@@TIME_ZONE */;
/*!40103 SET TIME_ZONE='+00:00' */;
/*!40014 SET @OLD_UNIQUE_CHECKS=@@UNIQUE_CHECKS, UNIQUE_CHECKS=0 */;
/*!40014 SET @OLD_FOREIGN_KEY_CHECKS=@@FOREIGN_KEY_CHECKS, FOREIGN_KEY_CHECKS=0 */;
/*!40101 SET @OLD_SQL_MODE=@@SQL_MODE, SQL_MODE='NO_AUTO_VALUE_ON_ZERO' */;
/*!40111 SET @OLD_SQL_NOTES=@@SQL_NOTES, SQL_NOTES=0 */;

--
-- Table structure for table `companies`
--

DROP TABLE IF EXISTS `companies`;
/*!40101 SET @saved_cs_client     = @@character_set_client */;
/*!40101 SET character_set_client = utf8 */;
CREATE TABLE `companies` (
  `id` int(11) NOT NULL AUTO_INCREMENT,
  `name` varchar(255) COLLATE utf8_unicode_ci DEFAULT NULL,
  `ticker` varchar(255) COLLATE utf8_unicode_ci DEFAULT NULL,
  `description` text COLLATE utf8_unicode_ci,
  `reference` text COLLATE utf8_unicode_ci,
  `currency` varchar(255) COLLATE utf8_unicode_ci DEFAULT NULL,
  `country` varchar(255) COLLATE utf8_unicode_ci DEFAULT NULL,
  `bourse` varchar(255) COLLATE utf8_unicode_ci DEFAULT NULL,
  `sector` varchar(255) COLLATE utf8_unicode_ci DEFAULT NULL,
  `year_inc` int(11) DEFAULT NULL,
  `created_at` datetime DEFAULT NULL,
  `updated_at` datetime DEFAULT NULL,
  `mkt_sector` varchar(255) COLLATE utf8_unicode_ci DEFAULT NULL,
  `mkt_segment` varchar(255) COLLATE utf8_unicode_ci DEFAULT NULL,
  `www_address` varchar(255) COLLATE utf8_unicode_ci DEFAULT NULL,
  `isin` varchar(255) COLLATE utf8_unicode_ci DEFAULT NULL,
  `share_type` varchar(255) COLLATE utf8_unicode_ci DEFAULT NULL,
  `address` text COLLATE utf8_unicode_ci,
  `logo` varchar(255) COLLATE utf8_unicode_ci DEFAULT NULL,
  `current_price` decimal(10,4) DEFAULT '0.0000',
  `price_at_str` varchar(255) COLLATE utf8_unicode_ci DEFAULT NULL,
  `price_updated_at` datetime DEFAULT NULL,
  `high52wk` decimal(10,4) DEFAULT '0.0000',
  `low52wk` decimal(10,4) DEFAULT '0.0000',
  `open` decimal(10,4) DEFAULT '0.0000',
  `range` decimal(10,4) DEFAULT '0.0000',
  `mkt_capitalisation` varchar(255) COLLATE utf8_unicode_ci DEFAULT NULL,
  `price_earnings` decimal(10,4) DEFAULT '0.0000',
  `div_yield_pc` decimal(10,4) DEFAULT '0.0000',
  `earnings_per_share` decimal(10,4) DEFAULT '0.0000',
  `beta` decimal(10,4) DEFAULT '0.0000',
  `industry` varchar(255) COLLATE utf8_unicode_ci DEFAULT NULL,
  PRIMARY KEY (`id`)
) ENGINE=InnoDB AUTO_INCREMENT=80 DEFAULT CHARSET=utf8 COLLATE=utf8_unicode_ci;
/*!40101 SET character_set_client = @saved_cs_client */;

--
-- Dumping data for table `companies`
--

LOCK TABLES `companies` WRITE;
/*!40000 ALTER TABLE `companies` DISABLE KEYS */;
INSERT INTO `companies` VALUES (1,'Tesco','TSCO','The UKs leading retailer Tesco was floated on the stock exchange in 1947 and in 1995 took over rival Sainsburys position as the UK number one. The company launched a home shopping service in 2000, allowing customers to order their shopping online. Tesco is now expanding its convenience stores and overseas into areas such as Taiwan, Malaysia, Poland, the US and Ireland.\r\n\r\nTesco PLC is a retail company. The Company is engaged in the business of retailing and retail banking. The Company operates in four segments: UK, Asia, Europe and Tesco Bank. It has retailing and associated activities (retail) operations across the United Kingdom, Asia and Europe. It is engaged in the retail banking and insurance services through Tesco Bank in the United Kingdom (Bank). The Bank offers a range of personal banking products, which include mortgages, credit cards, personal loans and savings. The Company operates approximately 7,817 shops around the world. Its subsidiaries include Tesco Stores Limited, One Stop Stores Limited, Tesco Ireland Limited, Tesco-Global Stores Privately Held Co. Limited, Tesco Polska Sp. z o.o., Tesco Stores CR a.s., Tesco Stores SR a.s., Homeplus Co. Limited and Homeplus Tesco Co. Limited, among others.','Motley Fool Pro','gbp','United Kingdom','LSE','non-cyclical',NULL,'2014-03-05 10:32:53','2016-10-27 09:05:50','','','http://www.tescoplc.com','','','New Tesco House Delamare Road\r\nCHESHUNT, EN8 9SL\r\nUnited Kingdom - Map\r\n+44-1992-632222 (Phone)',NULL,212.9000,'09:50 27-Oct-2016','2016-10-27 09:05:50',0.0000,0.0000,0.0000,0.0000,NULL,0.0000,0.0000,0.0000,0.0000,NULL),(2,'City of London Investment Group','CLIG','Founded in 1991, City of London is an active emerging markets equity manager.\r\n\r\nCity of London Investment Group PLC is a United Kingdom-based holding company. The Company is an asset management company, which focuses on closed-end fund investment. The Company\'s objective is to provide above average, long-term outperformance versus the appropriate funds\' market benchmark. The Company offers developed, frontier and tactical asset allocation closed-end fund strategies, as well as products, which offer natural resources exposure directly through equities. The Company\'s clients include pension funds, foundations, endowments and other institutional money managers. The Company has around 160 institutional clients. The Company operates in the United States, Canada and Europe. The Company\'s principal operating subsidiary is City of London Investment Management Company Limited, which is a long-term investor in closed-end funds and acts as an investment adviser and advises on around 40 accounts.','Motley Fool Pro','gbp','United Kingdom','LSE','financials',1991,'2014-03-05 13:50:59','2016-09-06 10:02:29','SSC6','SSMM','http://www.citlon.co.uk ','GB00B104RS51','DE','77 Gracechurch Street\r\nLONDON, EC3V 0AS\r\nUnited Kingdom - Map \r\n+44-20-77110771 (Phone)\r\n+44-20-77110772 (Fax)',NULL,369.5000,'16:35 05-Sep-2016','2016-09-06 10:02:29',0.0000,0.0000,0.0000,0.0000,NULL,0.0000,0.0000,0.0000,0.0000,NULL),(3,'Domino Printing Sciences','DNO','In 2015, Domino Printing Sciences plc was acquired by Brother Industries Limited. Further information on Brother Industries Limited is available from their website.\r\n\r\nDeveloper and manufacturer of commercial ink-jet printers.\r\n\r\nDomino Printing Sciences plc is a United Kingdom-based company, which is engaged in the manufacturing of coding and marking, and digital printing solutions. The Company\'s products include laser products, print and apply label machines, ink jet printers, fume extractors, digital label presses and ink jet products. It caters to various sectors, such as food and beverages, pharmaceutical and healthcare, printing, industrial, electronic components, construction and chemicals, and others. The Company\'s products include the A-Series (Inkjet), D-Series (Laser), V-Series (thermal transfer overprinting), G-Series (thermal inkjet), C-Series (valve jet) and M-Series (print and apply labelling). The Company operates across three regions: Americas, which include the United States, Canada and Mexico; Europe, which includes the United Kingdom, France, Spain, Germany, Sweden, Switzerland, The Netherlands, Portugal and Belgium, and Rest of World, which includes China, Korea, Singapore and India.','Motley Fool Pro','gbp','United Kingdom','LSE','technology',NULL,'2014-03-05 13:52:02','2015-12-17 10:18:51','','','http://www.domino-printing.com/','','','Domino House, Trafalgar Way\r\nCAMBRIDGE, CB23 8TU\r\nUnited Kingdom - Map\r\n+44-1954-782551 (Phone)\r\n+44-1954-782874 (Fax)',NULL,0.0000,NULL,NULL,0.0000,0.0000,0.0000,0.0000,NULL,0.0000,0.0000,0.0000,0.0000,NULL),(4,'XP Power','XPP','One of the world\'s leading developers and manufacturers of critical power control components for the electronics industry.\r\n\r\nXP Power Limited is a Singapore-based investment holding company. The Company is engaged in providing power supply solutions. The Company offers its services to industrial, healthcare and technology industries. The Company offers a range of alternating current (AC)-direct current (DC) power supplies, with products ranging from 5 Watts to over 3000 Watts. The Company offers power supplies in variety of mechanical formats, including open-frame, chassis mount, printed circuit board (PCB) mount, encapsulated, rack mount, external and DIN rail. It also offers a range of DC-DC converters ranging from 0.25 Watt to 600 Watts in PCB mount, and 10 Watts to 22 kilo watts (kWatts) in chassis mount. The Company also offers its products for railways, medical and avionics, among others','Motley Fool Pro','gbp','United Kingdom','LSE','industrials',NULL,'2014-03-05 13:52:59','2016-09-06 10:01:16','','','http://www.xppower.com','','','401 Commonwealth Drive #B-02 Haw Par Techno Centre\r\n, 149598\r\nSingapore\r\n+65-6-4116900 (Phone)\r\n+65-6-4796305 (Fax)',NULL,1676.4001,'09:57 06-Sep-2016','2016-09-06 10:01:16',0.0000,0.0000,0.0000,0.0000,NULL,0.0000,0.0000,0.0000,0.0000,NULL),(5,'Standard Chartered','STAN','','Motley Fool Pro','gbp','United Kingdom','LSE','Banks',NULL,'2014-03-05 13:53:39','2016-09-06 10:03:26','','','','','',NULL,NULL,647.2000,'10:48 06-Sep-2016','2016-09-06 10:03:26',0.0000,0.0000,0.0000,0.0000,NULL,0.0000,0.0000,0.0000,0.0000,NULL),(6,'Devro','DVO','A leader in the production of sausage casings made from collagen. (Yes, hold on to your hats!).','Motley Fool Pro','gbp','United Kingdom','LSE','Food Producers',NULL,'2014-03-05 13:54:47','2016-09-06 10:02:07','','','','','',NULL,NULL,236.7000,'10:37 06-Sep-2016','2016-09-06 10:02:07',0.0000,0.0000,0.0000,0.0000,NULL,0.0000,0.0000,0.0000,0.0000,NULL),(7,'BrainJuicer Group','BJU','BrainJuicer is a digital marketing agency aiming to re-invent market research.','Motley Fool Pro','gbp','United Kingdom','LSE','Media',NULL,'2014-03-05 13:55:46','2016-09-06 10:01:32','','','','','',NULL,NULL,437.5000,'17:08 05-Sep-2016','2016-09-06 10:01:32',0.0000,0.0000,0.0000,0.0000,NULL,0.0000,0.0000,0.0000,0.0000,NULL),(8,'Pentair Ltd','PNR','The Company is comprised of two segments:Water Group, which provides products and systems used in the movement, storage, treatment, and enjoyment of water; and Technical Products Group, which designs and manufactures standard, modified, custom enclosures.','Motley Fool Pro','usd','United States','NYSE','Diversified Machinery',NULL,'2014-03-05 13:57:33','2016-09-06 10:03:03','','','','','',NULL,NULL,64.0200,'16:02 02-Sep-2016','2016-09-06 10:03:03',0.0000,0.0000,0.0000,0.0000,NULL,0.0000,0.0000,0.0000,0.0000,NULL),(9,'Berkeley Group Holdings','BKG','Berkeley Group is a residential housebuilder with over 95% of its developments on brown field land. Established in 1976, the company now includes the Berkeley Homes, St George and St James brands.','Motley Fool Pro (watchlist)','gbp','United Kingdom','LSE','Household Goods & Home Construction',NULL,'2014-03-05 13:59:09','2016-08-01 11:08:21','','','','','',NULL,NULL,2604.0000,'11:53 01-Aug-2016','2016-08-01 11:08:21',0.0000,0.0000,0.0000,0.0000,NULL,0.0000,0.0000,0.0000,0.0000,NULL),(10,'Cape','CIU','The Company and its subsidiaries form an international group primarily engaged in the supply of a wide range of services including multi-user work access systems, insulation, fire protection, abrasive blasting, refractory, asbestos removal, coatings, cleaning, training and other essential non-mechanical services to major industrial groups, principally in the energy and natural resources sectors.','Motley Fool Pro','gbp','United Kingdom','LSE','Oil Equipment Services & Distribution',NULL,'2014-03-05 13:59:52','2015-10-07 15:47:58','','','','','',NULL,NULL,0.0000,NULL,NULL,0.0000,0.0000,0.0000,0.0000,NULL,0.0000,0.0000,0.0000,0.0000,NULL),(11,'Apple Inc','AAPL','From iPods to iPhones to MacBooks, Apple uses its \"think different\" approach to reframe computing, communication, and more.\r\n\r\nApple Inc. (Apple) designs, manufactures and markets mobile communication and media devices, personal computers, and portable digital music players, and a variety of related software, services, peripherals, networking solutions, and third-party digital content and applications. The Company\'s products and services include iPhone, iPad, Mac, iPod, Apple TV, a portfolio of consumer and professional software applications, the iOS and OS X operating systems, iCloud, and a variety of accessory, service and support offerings. The Company also delivers digital content and applications through the iTunes Store, App StoreSM, iBookstoreSM, and Mac App Store. The Company distributes its products worldwide through its retail stores, online stores, and direct sales force, as well as through third-party cellular network carriers, wholesalers, retailers, and value-added resellers. In February 2012, the Company acquired app-search engine Chomp.','Motley Fool Pro','usd','United States','NASDAQ','technology',NULL,'2014-03-05 14:00:51','2016-10-17 15:00:17','','','http://www.apple.com','','','1 Infinite Loop\r\nCUPERTINO, CA 95014-2083\r\nUnited States - Map\r\n+1-408-9961010 (Phone)',NULL,117.3750,'10:45 17-Oct-2016','2016-10-17 15:00:17',0.0000,0.0000,0.0000,0.0000,NULL,0.0000,0.0000,0.0000,0.0000,NULL),(12,'Unilever PLC','ULVR','Anglo-Dutch consumer goods group Unilever supplies a whole range of household names from Dove soap, Liptons Tea, Vaseline and Persil. Recently abandoned its dual board structure.\r\n\r\nUnilever PLC is engaged in the supply of food, home and personal care products. The Company\'s portfolio ranges from nutritionally balanced foods to indulgent ice creams, soaps, shampoos and household care products. The Company operates through four segments: Personal Care, Foods, Refreshment and Home Care. Its personal care segment products include skin care and hair care products, deodorants and oral care products. Its Foods segment includes products, such as soups, bouillons, sauces, snacks, mayonnaise, salad dressings, margarines and spreads. Its Refreshment segment\'s product includes ice cream, tea-based beverages and weight-management products. Its Homecare segment products include home care products, such as powders, liquids and capsules, soap bars and a range of cleaning products. The Company offers over 400 brands, including Lipton, Knorr, Dove, Axe, Hellmann\'s, Omo, Persil, Blue Band, Domestos, Wall\'s ice cream, Marmite, Magnum, Lnynx, Pureit and Suave.','Motley Fool Pro (watchlist)','gbp','United Kingdom','LSE','non-cyclical',NULL,'2014-03-05 14:02:02','2016-08-01 11:32:05','','','http://www.unilever.com/','','','Unilever House 100 Victoria Embankment\r\nLONDON, EC4Y 0DY\r\nUnited Kingdom - Map\r\n+44-20-78225252 (Phone)\r\n+44-20-78225951 (Fax)',NULL,3531.5000,'12:16 01-Aug-2016','2016-08-01 11:32:05',0.0000,0.0000,0.0000,0.0000,NULL,0.0000,0.0000,0.0000,0.0000,NULL),(13,'Vislink','VLK','Vislink plc is engaged in the collection, delivery and management of live video and associated data. The Company operates in two divisions: Pebble Beach Systems and Vislink Communication Systems. Pebble Beach Systems division is focused on broadcast software and is responsible for the sales and marketing of its software products and services. The Vislink Communication Systems division is a consolidation of its hardware technology businesses and is responsible for the sales and marketing of its hardware products and services. It is also the product center for the Advent satcom communication products, Link and Gigawave wireless camera systems and microwave and amplifier products. It provides solutions to three markets: broadcast communications market, for live news, sport and entertainment events; surveillance, public safety and defense markets, to enable real-time video intelligence, and the broadcast software market, for the acquisition, management and playout of media and content.','Naked Trader','gbp','United Kingdom','LSE','technology',NULL,'2014-03-05 14:03:27','2016-09-21 12:09:15','','','http://www.vislink.com','','','27 Maylands Avenue\r\nHEMEL HEMPSTEAD, HP2 7DE\r\nUnited Kingdom - Map\r\n+44-1442-431300 (Phone)\r\n+44-1442-431333 (Fax)',NULL,15.3800,'11:17 21-Sep-2016','2016-09-21 12:09:15',0.0000,0.0000,0.0000,0.0000,NULL,0.0000,0.0000,0.0000,0.0000,NULL),(14,'Debenhams','DEB','Debenhams is a department store group that floated on the market in 2006, three years after being taken private by private equity groups CVC, Merrill Lynch and Texas Pacific. The group has over 120 stores across the UK and Ireland with around 20,000 employees. Debenhams also has a further 29 international franchise stores in 14 countries.\r\n\r\nDebenhams plc is a United Kingdom-based multi-channel company. The Company brand trades through approximately 240 stores in 28 countries. It is available online in more than 70 countries. It owns and operates 172 stores in the United Kingdom, Republic of Ireland and Denmark. Its product portfolio includes women’s wear, menswear, children’s wear, and health and beauty products. It also offer customers a range of services, including restaurants and cafes, personal shopping assistance, hairdressing and beauty treatments, nail bars and wedding/celebration gift services. Its Website stocks a range of own label, Designers at Debenhams and international brands, and a range of concessions. It also offers furniture, electrical appliances and flowers002E','Motley Fool Pro','gbp','United Kingdom','LSE','cyclical',NULL,'2014-03-05 14:04:20','2016-10-17 14:58:51','','','http://phx.corporate-ir.net/frame.zhtml?c=196805&p=index','','','Regent\'s Place, 10 Brock Street\r\nLONDON, NW1 3FG\r\nUnited Kingdom - Map\r\n+44-20-74084444 (Phone)',NULL,54.0040,'15:43 17-Oct-2016','2016-10-17 14:58:51',0.0000,0.0000,0.0000,0.0000,NULL,0.0000,0.0000,0.0000,0.0000,NULL),(15,'ARM Holdings','ARM','ARM designs microchips for use in mobile phones, computers.\r\n\r\nARM Holdings plc (ARM) is a United Kingdom-based company engaged in designing of microprocessors, physical intellectual property (IP) and related technology and software, and sale of development tools. The Company\'s offers products, such as 16/32/64-bit RISC microprocessors, data engines, graphics processors, digital libraries, embedded memories, peripherals, software and development tools, as well as analog functions and high-speed connectivity products. The Company\'s product offering includes microprocessor Cores, physical IP, development tools and support and maintenance services. ARM licenses and sells its technology and products to international electronics companies, which in turn manufacture, market and sell microprocessors, application-specific integrated circuits (ASICs), application-specific standard processors (ASSPs) and microcontrollers (MCUs) based on ARM\'s technology to systems companies for incorporation into a variety of end products.','Own bat?  Motley Fool book from the 90s','gbp','United Kingdom','LSE','technology',NULL,'2014-03-05 14:05:23','2016-08-30 15:55:20','','','http://www.arm.com','','','110 Fulbourn Road\r\nCAMBRIDGE, CB1 9NJ\r\nUnited Kingdom - Map\r\n+44-1223-400400 (Phone)\r\n+44-1223-400410 (Fax)',NULL,1696.0000,'16:37 30-Aug-2016','2016-08-30 15:55:20',0.0000,0.0000,0.0000,0.0000,NULL,0.0000,0.0000,0.0000,0.0000,NULL),(16,'Tate & Lyle','TATE','Tate & Lyle produces an estimated 4m tonnes of cereal sweeteners and refines over 2m tonnes of sugar each year sold into around 35 countries. It is is a global leader in cereal sweeteners and starches, sugar refining, value added food and industrial ingredients and citric acid. It is world number one in industrial starches and wheat proteins and the sole manufacturer of sucralose sugar substitute, Splenda.','Own bat','gbp','United Kingdom','LSE','Food Producers',NULL,'2014-03-05 14:06:07','2016-10-17 08:46:04','','','','','',NULL,NULL,794.7500,'09:30 17-Oct-2016','2016-10-17 08:46:04',0.0000,0.0000,0.0000,0.0000,NULL,0.0000,0.0000,0.0000,0.0000,NULL),(17,'Antofagasta','ANTO','Chile-based Antofagasta has grown from humble beginnings in 1888 transporting copper through South America along the railway of the same name, into one of the worlds largest copper producers through its huge Los Pelambres, El Tesoro and Michilla mines. The company has three business divisions: Mining, Transport and Water.\r\n\r\nAntofagasta plc (Antofagasta) is a Chile-based copper mining company with interests in transport and water distribution. The Company operates in three segments: Mining, Transport and Water. The principal activities of the Company are copper mining (including exploration and development), the transportation of freight by rail and road and the distribution of water. Its mining operations produce copper with by-products of gold, molybdenum and silver. The Company’s segments include Los Pelambres, Esperanza, El Tesoro, Michilla, Antucoya, Exploration and evaluation, Railway and other transport services, Water concession, and Corporate and other items. In addition, the Company, through its subsidiary, Antofagasta Investment Company Limited, owns 100% ownership in the Twin Metals Minnesota Project (TMM), a copper-nickel-platinum-palladium-gold-silver project in north-eastern Minnesota, the United States.','Motley Fool Pro (watchlist)','gbp','United Kingdom','LSE','materials',NULL,'2014-03-05 14:07:08','2016-10-17 08:46:24','','','http://www.antofagasta.co.uk','','','Cleveland House 33 King Street St Jamess\r\nLONDON, SW1Y 6RJ\r\nUnited Kingdom - Map\r\n+44-20-78080988 (Phone)\r\n+44-20-79307578 (Fax)',NULL,519.0000,'09:31 17-Oct-2016','2016-10-17 08:46:24',0.0000,0.0000,0.0000,0.0000,NULL,0.0000,0.0000,0.0000,0.0000,NULL),(18,'Imagination Technology','IMG','Imagination Technologies designs microprocessors, particularly graphics processors, for use in consumer electronics products like Apple\'s iPhone and iPad.\r\n\r\nImagination Technologies Group plc is a United Kingdom-based technology company. The Company offers range of silicon IP (intellectual property), which includes the multimedia, communications and general purpose processors. The Company has two segments, which include Technology business and Pure business. Its Technology business segment is engaged in the development of graphics, video, vision, processor, communications and connectivity technologies for licensing to semiconductor companies for incorporation into silicon devices. Its Pure business segment is engaged in the development and marketing of consumer products to manage the technologies of the Technology business, and to develop markets for such technologies. Its platforms and technologies include vision platform, connected processor platform and omnishield technology, among others. Its products include PowerVR Multimedia, FlowCloud Connectivity, MIPS Processors, FlowTalk VoIP and Ensigma Communications.','Motley Fool Pro','gbp','United Kingdom','LSE','Technology Hardware & Equipment',NULL,'2014-03-05 14:08:03','2016-10-17 14:59:15','','','http://www.imgtec.com','','',NULL,NULL,250.0000,'15:40 17-Oct-2016','2016-10-17 14:59:15',0.0000,0.0000,0.0000,0.0000,NULL,0.0000,0.0000,0.0000,0.0000,NULL),(19,'Garmin Ltd','GRMN','','Own bat - dividend income','usd','United States','NASDAQ','Electronics - Scientific & Technical Instruments',NULL,'2014-03-05 14:09:19','2016-10-17 14:59:04','','','http://www.garmin.com/','','',NULL,NULL,47.8600,'10:43 17-Oct-2016','2016-10-17 14:59:04',0.0000,0.0000,0.0000,0.0000,NULL,0.0000,0.0000,0.0000,0.0000,NULL),(20,'CRH','CRH','CRH is an international group of diversified building materials businesses which are engaged in the manufacture and supply of a wide range of building materials and in the operation of builders? merchanting and ?Do-It-Yourself? (?DIY?) stores.','Motley Fool Pro (watchlist)','gbp','United Kingdom','LSE','Construction & Materials',NULL,'2014-03-05 14:10:11','2016-02-11 17:29:06','','','','','',NULL,NULL,1677.1534,'17:10 11-Feb-2016','2016-02-11 17:29:06',0.0000,0.0000,0.0000,0.0000,NULL,0.0000,0.0000,0.0000,0.0000,NULL),(21,'United Utilities Group','UU','United manages and operates the regulated electricity distribution, water and wastewater networks in north west England.','Own bat - dividend income','gbp','United Kingdom','LSE','Gas Water & Utilities',NULL,'2014-03-05 14:11:10','2016-10-17 15:00:58','','','','','',NULL,NULL,937.0000,'15:45 17-Oct-2016','2016-10-17 15:00:58',0.0000,0.0000,0.0000,0.0000,NULL,0.0000,0.0000,0.0000,0.0000,NULL),(22,'Aggreko','AGK','Aggreko is a global provider of rental power, temperature control and compressed air systems. It operates in over 120 locations in 28 countries worldwide.\r\n\r\nAggreko plc is a United Kingdom-based company, which provides power and temperature control solutions. The Company has two business models which include Local business and Power Projects business. The Local business rents power and temperature control equipment to a range of customers who operate it themselves, while the Company services and maintains it. The Power Projects business sells electricity which it delivers using power plants built, owned and operated by the Company. In the Power Projects business contracts are for a defined amount of generating capacity for which there is a fixed monthly capacity charge and also the customer pays a variable charge for each megawatt hour (MW-hour) of electricity they use. The Company\'s segments comprise three regions: The Americas, Europe, the Middle East and Africa (EMEA) and Asia, Pacific and Australia (APAC), as well as the Total Local business and the Total Power Projects business.','Motley Fool Pro','gbp','United Kingdom','LSE','industrials',NULL,'2014-03-05 14:11:54','2016-08-01 09:34:48','','','http://www.aggreko.co.uk/','','','120 Bothwell Street\r\nGLASGOW, G2 7JS\r\nUnited Kingdom - Map\r\n+44-141-2255900 (Phone)\r\n+44-141-2255949 (Fax)',NULL,1303.0000,'10:18 01-Aug-2016','2016-08-01 09:34:48',0.0000,0.0000,0.0000,0.0000,NULL,0.0000,0.0000,0.0000,0.0000,NULL),(23,'NCC Group','NCC','NCC Group is a global information assurance specialist providing organisations worldwide with expert escrow and verification, security testing, website performance and software testing services.','Motley Fool Pro','gbp','United Kingdom','LSE','Software & Computer Services',NULL,'2014-03-05 14:13:01','2016-08-01 11:34:16','','','','','',NULL,NULL,325.2000,'12:18 01-Aug-2016','2016-08-01 11:34:16',0.0000,0.0000,0.0000,0.0000,NULL,0.0000,0.0000,0.0000,0.0000,NULL),(24,'Genel Energy','GENL','Genel Energy plc is a United-Kingdom-based exploration and production company. The Company is an independent oil producer in the Kurdistan Region of Iraq. The Company is structured along two business segments being the geographical areas in which it operates: Kurdistan and Africa. The African exploration portfolio consists of eight licences. It had operational bases in Ankara, Turkey; in Taq Taq, Erbil and Suleimaniah in the Kurdistan Region, and in London. The Company’s subsidiaries include: Genel Energy Holding Company Ltd, Genel Energy Somaliland Limited, A&T Petroleum Limited, Genel Energy UK Services Limited, Genel Energy Netherlands Holding 2 B., Phoenicia Energy Company Limited, Genel Energy Africa Exploration Limited and Genel Energy Somaliland Limited.','Motley Fool Pro (watchlist)','gbp','United Kingdom','LSE','energy',NULL,'2014-03-05 14:13:58','2016-09-06 09:42:27','Energy','','http://www.genelenergy.com/','','','',NULL,103.1250,'10:25 06-Sep-2016','2016-09-06 09:42:27',0.0000,0.0000,0.0000,0.0000,NULL,0.0000,0.0000,0.0000,0.0000,NULL),(25,'Leyshon Resources','LRL','','Penny Stocks - daily recommendation','gbp','United Kingdom','LSE','Mining',NULL,'2014-03-05 14:14:58','2015-10-07 15:46:04','AMQ1','ASQ1','http://leyshonresources.com/','AU000000LRL1','DE',NULL,NULL,0.0000,NULL,NULL,0.0000,0.0000,0.0000,0.0000,NULL,0.0000,0.0000,0.0000,0.0000,NULL),(26,'Leyshon Energy','LEN','','Stock split from LRL','gbp','United Kingdom','LSE','Oil & Gas Producers',2014,'2014-03-05 14:35:10','2015-10-07 15:46:21','AMQ1','ASQ1','http://www.leyshonenergy.com/','VGG5476A1049','DE',NULL,NULL,0.0000,NULL,NULL,0.0000,0.0000,0.0000,0.0000,NULL,0.0000,0.0000,0.0000,0.0000,NULL),(27,'Latchways','LTC','','Motley Fool Pro','gbp','United Kingdom','LSE','Support Services',NULL,'2014-03-05 14:36:02','2015-10-07 15:46:53','SQQ3','SSQ3','http://www.latchways.com/','GB0001572964','DE',NULL,NULL,0.0000,NULL,NULL,0.0000,0.0000,0.0000,0.0000,NULL,0.0000,0.0000,0.0000,0.0000,NULL),(28,'Rolls Royce','RR','A group engaged in the provision and support of integrated power systems for use on land; at sea and in the air','Own bat','gbp','United Kingdom','LSE','industrials',NULL,'2014-03-05 15:32:11','2016-10-17 14:59:50','FE10','SET1','http://www.rolls-royce.com/','GB00B63H8491','DE','65 Buckingham Gate\r\nLONDON, SW1E 6AT\r\nUnited Kingdom - Map\r\n+44-20-72229020 (Phone)\r\n+44-20-72279170 (Fax)',NULL,773.0000,'15:44 17-Oct-2016','2016-10-17 14:59:50',0.0000,0.0000,0.0000,0.0000,NULL,0.0000,0.0000,0.0000,0.0000,NULL),(29,'Anglo Pacific Group','APF','Anglo Pacific\'s royalty portfolio has a broad commodity focus including steel-related raw materials (coking coal, iron ore and chromite), precious metals and uranium; offering investors diverse exposure to commodity markets.','Motley Fool Champion Shares Pro','gbp','United Kingdom','LSE','Mining',NULL,'2014-03-25 15:28:18','2016-08-01 11:33:05','SSC6','SSMM','http://www.anglopacificgroup.com/','GB0006449366','DE',NULL,NULL,93.8750,'12:16 01-Aug-2016','2016-08-01 11:33:05',0.0000,0.0000,0.0000,0.0000,NULL,0.0000,0.0000,0.0000,0.0000,NULL),(30,'PZ Cussons','PZC','PZ Cussons makes and distributes cleansing fluids and applications such as soap, detergents and toiletries. It owns 30 brands, including Imperial Leather, Carex, Cussons Baby and washing up liquid Morning Fresh.','Motley Fool Champion Shares Pro','gbp','United Kingdom','LSE','Personal Goods',NULL,'2014-03-25 15:36:25','2016-10-17 15:00:08','25FS','STMM','http://www.pzcussons.com/','GB00B19Z1432','DE',NULL,NULL,355.0000,'15:44 17-Oct-2016','2016-10-17 15:00:08',0.0000,0.0000,0.0000,0.0000,NULL,0.0000,0.0000,0.0000,0.0000,NULL),(31,'The Buckle','BKE','The Company is a retailer of medium to better-priced casual apparel, footwear and accessories for fashion conscious young men and women.','Motley Fool Champion Shares Pro','usd','United States','NYSE','RETAIL - Apparel Stores',NULL,'2014-03-25 15:40:14','2016-10-17 14:59:32','','','http://www.buckle.com/','','',NULL,NULL,21.7000,'10:42 17-Oct-2016','2016-10-17 14:59:32',0.0000,0.0000,0.0000,0.0000,NULL,0.0000,0.0000,0.0000,0.0000,NULL),(32,'Zytronic Company','ZYT','Make touch screens','One Free Share Tip tip','gbp','United Kingdom','LSE','Electronic & Electrical Equipment',NULL,'2014-04-12 20:32:17','2016-09-06 10:03:39','AIMT','AIMI','http://www.zytronic.co.uk/','GB0006971013','DE',NULL,NULL,361.0000,'10:22 06-Sep-2016','2016-09-06 10:03:39',0.0000,0.0000,0.0000,0.0000,NULL,0.0000,0.0000,0.0000,0.0000,NULL),(33,'Skil Ports & Logistics','SPL','building port facilities in India. SKIL Ports & Logistics Limited (SPL) is a holding company. The Company is engaged in developing, owning and operating port and logistics facilities in India. The company is engaged in implementing its project of developing a port and logistics facility at Karanja Creek in the Raigad District of Maharashtra. The facility will be developed over 200 acres of land with a sea frontage of approximately 1,000 meters. The Company\'s subsidiaries include Karanja Terminal & Logistics (Cyprus) Limited (KTLCL) and Karanja Terminal & Logistics Private Limited (KTLPL).','One Free Share Tip tip','gbp','United Kingdom','LSE','Industrial Transportation',NULL,'2014-04-12 21:00:46','2015-11-26 12:02:01','AMQ1','ASQ1','http://www.skilpl.com','GG00B53M7D91','DE',NULL,NULL,0.0000,NULL,NULL,0.0000,0.0000,0.0000,0.0000,NULL,0.0000,0.0000,0.0000,0.0000,NULL),(34,'Blinkx','BLNX','An Internet media company that connects consumers and brands through premium content online. Founded in the UK in 2004, blinkx pioneered Internet Video Search using its patented COncept Recognition Engine (CORE). This technology leverages speech recognition, text and image analysis to deeply understand the meaning and context of video content to generate improved search relevancy for consumers and a brand safe environment for advertisers. Today, blinkx is a broad digital media technology, distribution and monetization platform that connects consumers, advertisers and content across four screens. Through its partnerships with hundreds of media companies, including ABC, NBC, Conde Nast, Reuters and Bloomberg, blinkx has indexed and search enabled millions of hours of video content. blinkx powers video search, discovery or monetization on thousands of online properties including Lycos, ABC, CBS and Fox Sports. blinkx is headquartered in San Francisco, California with 15 offices worldwide. For more information please visit www.blinkx.com.','Price drop - looked like a good buy.  Naked Trader bought some.','gbp','United Kingdom','LSE','Software & Computer Services',NULL,'2014-10-01 09:17:18','2016-08-01 11:33:21','ASM7','AMSM','http://www.blinkx.com/corporate/investors/investor-contacts','GB00B1WBW239','DE',NULL,NULL,27.5000,'16:35 16-Jun-2016','2016-08-01 11:33:21',0.0000,0.0000,0.0000,0.0000,NULL,0.0000,0.0000,0.0000,0.0000,NULL),(35,'Petrofac Ltd','PFC','Petrofac Limited is engaged in the provision of facilities solutions to the oil and gas production and processing industry. It operates in four segments: Onshore Engineering & Construction provides engineering, procurement and construction project execution services to the onshore oil & gas industry; Offshore Projects & Operations provides offshore engineering, operations and maintenance on and offshore; Engineering & Consulting Services provides technical engineering, consultancy, conceptual design, front end engineering and design (FEED) and project management consultancy (PMC) across all sectors including renewables and carbon capture, and Integrated Energy Services co-invests with partners in oil & gas production, processing and transportation assets, provides production improvement services under value aligned commercial structures and oil & gas related technical competency training and consultancy services.','Motley Fool Pro','gbp','United Kingdom','LSE','Oil Equipment Services & Distribution',NULL,'2014-10-01 10:08:47','2016-09-06 10:02:46','FS10','SET1','http://www.petrofac.com/','GB00B0H2K534','DE',NULL,NULL,848.0000,'10:46 06-Sep-2016','2016-09-06 10:02:46',0.0000,0.0000,0.0000,0.0000,NULL,0.0000,0.0000,0.0000,0.0000,NULL),(36,'Thorntons','THT','Thorntons PLC is engaged in manufacturing, retailing and distribution of confectionery and other sweet foods. The Company operates in two segments: Retail and Sales and Operations. Retail segments incorporate Own Stores, Franchise and Thorntons Direct. Sales and Operations consist of commercial trading channel and manufacturing operations. The Company\'s products are available across a multi-channel network compromising shops, franchises, online and through a choice of retail partners. The Company\'s product range includes gifted ideas; chocolate, toffee and fudges; personalized gifts; hampers, and wedding. The Company?s subsidiaries include Strand Court Properties Limited, which is engaged in property investment and Thorntons (Jersey) Limited, which is engaged in retail trading company.','Motley Fool Pro','gbp','United Kingdom','LSE','Food & Drug Retailers',NULL,'2014-10-01 10:15:31','2016-02-11 17:40:17','ON10','SET3','http://www.thorntons.co.uk/','GB0008901935','DE',NULL,NULL,142.8750,'14:33 19-Aug-2015','2016-02-11 17:40:17',0.0000,0.0000,0.0000,0.0000,NULL,0.0000,0.0000,0.0000,0.0000,NULL),(37,'Coca Cola HBC AG','CCH','Coca-Cola HBC AG, is a bottler of non-alcoholic ready-to-drink beverages in Europe, operating in 28 countries. The Company owns, controls and operates a network of independent bottling plants and warehousing and distribution systems. The Company through Coca-Cola Hellenic Bottling Company S.A (CCH) is principally engaged in producing, selling and distributing non-alcoholic ready-to-drink beverages. The Company also produces, sells and distributes non-alcoholic ready-to-drink beverages under bottlers? agreements and franchise arrangements with third parties and under its brand names. It also distributes beer and third party premium spirits in certain of its central and eastern European operations. On April 24, 2013, Coca-Cola HBC AG acquired CCH and increased its interest from 23.28% to 96.85%. In June 2013, Coca-Cola HBC AG acquired the remaining 3.253% stake in Coca-Cola Hellenic Bottling Co SA.','Motley Fool Pro','gbp','United Kingdom','LSE','Beverages',NULL,'2014-10-01 10:18:44','2016-09-06 09:44:18','FS10','SET1','http://www.coca-colahellenic.com/','CH0198251305','DE',NULL,NULL,1660.0000,'10:27 06-Sep-2016','2016-09-06 09:44:18',0.0000,0.0000,0.0000,0.0000,NULL,0.0000,0.0000,0.0000,0.0000,NULL),(38,'Post Holdings Inc','POST','Post Holdings, Inc. (Post) is a consumer packaged goods holding company operating in the center-of-the-store, refrigerated, active nutrition and private label food categories. Post?s center-of-the-store portfolio includes Honey Bunches of Oats, Pebbles, Great Grains, Post Shredded Wheat, Post Raisin Bran, Grape-Nuts and Honeycomb. Post also offers premium natural and organic cereal, granola and snacks through the Attune, Uncle Sam, Erewhon, Golden Temple, Peace Cereal, Sweet Home Farm and Willamette Valley Granola Company brands. Effective June 2, 2014, the Company announced that it has completed the acquisition of MFI Holding Corporation (Michael Foods), a producer of food products and service solutions to customers across the foodservice, retail and food ingredient channels.','Motley Fool Pro','usd','United States','NYSE','Food & Beverage',NULL,'2014-10-01 10:26:29','2016-10-17 14:59:41','','','http://www.postfoods.com/','','',NULL,NULL,78.4800,'10:43 17-Oct-2016','2016-10-17 14:59:41',0.0000,0.0000,0.0000,0.0000,NULL,0.0000,0.0000,0.0000,0.0000,NULL),(39,'Silver Standard Resources Inc.','SSRI','Silver Standard Resources Inc. is a mining company. The Company is engaged in the operation, development, exploration and acquisition of precious metal projects. The Company’s projects include Pirquitas Mine, Marigold Mine, San Luis, Pitarrilla, Diablillos, Berenguela, Candelaria, Maverick Springs, San Marcial and Sunrise Lake. The Pirquitas Mine is a 100% owned property located in Argentina. The Marigold is located in Humboldt County, Nevada. The San Luis project is located in Peru. The Pitarrilla Project is located in Mexico. The Diablillos Project is a 100%-owned gold-silver project, located in the altiplano of northern Argentina. The Company’s wholly owned Candelaria Mine Project is located in the Candelaria Hills in west central Nevada. The San Marcial is situated in the Sierra Madre mountains, Mexico.','Hilary Kramer mentioned it','usd','United States','NASDAQ','Basic Materials',NULL,'2015-04-01 15:30:44','2016-10-17 15:00:46','','','http://www.silverstandard.com','','',NULL,NULL,10.5350,'10:45 17-Oct-2016','2016-10-17 15:00:46',0.0000,0.0000,0.0000,0.0000,NULL,0.0000,0.0000,0.0000,0.0000,NULL),(40,'Hibbett Sports, Inc','HIBB','Hibbett Sports, Inc. operates sporting goods stores in small and mid-sized markets predominantly in the South, Southwest, Mid-Atlantic and the Midwest. The Company operates 927 stores consisting of 910 Hibbett Sports stores and 17 smaller-format Sports. The Company’s merchandise assortment emphasizes team sports complemented by localized apparel, footwear and accessories designed to appeal to a range of customers within each individual market. The Company’s primary retail format is Hibbett Sports, an approximately 5,000 square foot store located primarily in strip centers, which are usually near a Wal-Mart store. Of these stores, 730 Hibbett Sports stores are located in strip centers, which include free-standing stores, with the remaining 180 stores located in enclosed malls, which are the only enclosed malls in their county.','Value Authority','usd','United States','NASDAQ','Cyclical Consumer Goods & Services',NULL,'2015-04-01 15:33:21','2015-10-07 15:44:03','','','http://www.hibbett.com','','',NULL,NULL,0.0000,NULL,NULL,0.0000,0.0000,0.0000,0.0000,NULL,0.0000,0.0000,0.0000,0.0000,NULL),(41,'Teradata Corporation','TDC','Teradata Corporation (Teradata) is engaged in analytic data solutions, including integrated data warehousing, big data analytics and business applications. The Company’s data warehousing solutions are consisted of software, hardware, and related business consulting and support services. Its solutions integrate an organization’s departmental and enterprise-wide data about customers, financials and operations into a single integrated data warehouse. Its analytic technologies then transform that data into actionable information. The Company serves customers across a range of industries globally ranging from small departmental and corporate implementations to data warehouses and marketing applications. Teradata operates from four main locations in the United States: Dayton, Ohio; Johns Creek (Atlanta), Georgia; Rancho Bernardo (San Diego), California; and Indianapolis, Indiana.','Value Authority','usd','United States','NYSE','Technology',NULL,'2015-04-01 15:35:21','2015-10-07 15:42:37','','','http://www.teradata.com','','',NULL,NULL,0.0000,NULL,NULL,0.0000,0.0000,0.0000,0.0000,NULL,0.0000,0.0000,0.0000,0.0000,NULL),(42,'Delphi Automotive PLC','DLPH','Delphi Automotive PLC (Delphi) is a global vehicle components manufacturer and provides electrical and electronic, powertrain, safety and thermal technology solutions to the global automotive and commercial vehicle markets. The Company operates through four segments: Electrical / Electronic Architecture; Powertrain Systems; Electronics and Safety and Thermal Systems. The Company’s Electrical / Electronic Architecture segment provides complete design of the vehicle’s electrical architecture. Its Powertrain Systems segment provides systems integration of full end-to-end gasoline and diesel engine management systems. Its Electronics and Safety segment provides critical components, systems and advanced software for passenger safety, security, comfort and infotainment. Thermal Systems segment provides powertrain cooling and heating, ventilating and air conditioning (HVAC) systems, such as compressors, systems and controls, and heat exchangers for the vehicle markets.','Self drive car across the USA','usd','United States','NYSE','Cyclical Consumer Goods & Services',NULL,'2015-04-02 15:24:29','2015-10-07 15:27:54','','','http://www.delphi.com','','',NULL,NULL,0.0000,NULL,NULL,0.0000,0.0000,0.0000,0.0000,NULL,0.0000,0.0000,0.0000,0.0000,NULL),(43,'ASOS plc','ASC','ASOS Plc is a United Kingdom-based global online fashion destination .The Company sell cutting-edge fast fashion and offers a variety offashion-related content, making ASOS.com the hub of a thriving fashion community. It sell 75,000 branded and own-brand products through localized mobile and web experiences, delivering from United Kingdom(UK) hub to almost every country in the world. It tailors the mix of own-label, global and local brands sold through each of nine local language websites: UK, United States, France, Germany, Spain, Italy, Australia, Russia and China. It sell Womenswear products in sizes 2 to 28 and Menswear in sizes XXXS to XXXL, and have introduced an increased range of men’s waist, leg-length and shoe sizes.','Motley Fool, after I wondered about it from news of price drop','gbp','United Kingdom','LSE','Cyclical Consumer Goods & Services',NULL,'2015-04-10 08:14:28','2016-09-06 09:42:02','','','http://www.asosplc.com','','',NULL,NULL,4776.0800,'10:23 06-Sep-2016','2016-09-06 09:42:02',0.0000,0.0000,0.0000,0.0000,NULL,0.0000,0.0000,0.0000,0.0000,NULL),(44,'Royal Dutch Shell Plc','RDSB','Royal Dutch Shell plc (Shell) is an independent oil and gas company. The Company is engaged in the principal aspects of the oil and gas industry in more than 70 countries. The Company operates in three segments: Upstream, Downstream and Corporate. In Upstream, the Company focuses on exploration for new liquids and natural gas reserves and on developing new projects. In Downstream, the Company focuses on turning crude oil into a range of refined products, which are moved and marketed around the world for domestic, industrial and transport use. The Company\'s Upstream Americas business manages Shell\'s Upstream activities in North and South America. It also extracts bitumen from oil sands that is converted into synthetic crude oil. The Company\'s Upstream International business manages Shell\'s Upstream activities outside the Americas. The Company\'s Downstream business manages Shell\'s refining and marketing activities for oil products and chemicals.','','gbp','United Kingdom','LSE','energy',NULL,'2015-09-11 12:40:57','2016-11-01 11:31:58','FE00','SET0','http://www.shell.co.uk/','GB00B03MM408','DE','Carel Van Bylandtlaan 30\r\nDEN HAAG, 2596 HR\r\nNetherlands\r\n+31-70-3779111 (Phone)',NULL,2196.5000,'11:16 01-Nov-2016','2016-11-01 11:31:58',0.0000,0.0000,0.0000,0.0000,NULL,0.0000,0.0000,0.0000,0.0000,NULL),(45,'Glencore PLC','GLEN','Glencore plc, formerly Glencore Xstrata Plc, is a Switzerland-based natural resource company. The Company operates in three segments: Metals and Minerals, which includes copper, nickel, zinc/lead, alloys, alumina/aluminum and iron ore; Energy Products, which includes controlled and non-controlled coal mining and oil production operations and investments in strategic handling, storage and freight equipment and facilities, and Agricultural Products, which focuses on grains, oils/oilseeds, cotton and sugar. The Company’s operates in Americas, Asia Europe, Africa and Oceania. The Company’s portfolio of diversified industrial assets consists over 150 mining and metallurgical facilities, offshore oil production facilities, farms and agricultural facilities.','Oct 15 - about to be the Leman Bros of the Minerals world.','gbp','United Kingdom','LSE','Energy',NULL,'2015-10-05 08:49:52','2016-06-03 14:57:03','','','http://www.glencore.com','','','Baarermattstrasse 3\r\nBAAR, ZUG 6340\r\nSwitzerland\r\n+41-41-7092000 (Phone)\r\n+41-41-7093000 (Fax)',NULL,133.2000,'15:42 03-Jun-2016','2016-06-03 14:57:03',0.0000,0.0000,0.0000,0.0000,NULL,0.0000,0.0000,0.0000,0.0000,NULL),(46,'Tesla Motors Inc','TSLA','Tesla Motors, Inc. is a United States-based company, which designs, develops, manufactures and sells electric vehicles, electric vehicle powertrain components and stationary energy storage systems. The Company sells and produces a vehicle under the name Model S, which is a fully electric, four-door, five-adult passenger sedan. In addition to developing its own vehicles, it develops, sells, and services full electric powertrain systems and components to other automobile manufacturers. It also produces and sells stationary energy storage products for use in homes, commercial sites and utilities. The applications for these battery systems include backup power, peak demand reduction, demand response and wholesale electric market services. It sells its vehicles through its own sales and service network. The Company also offers the Model X electric car, Supercharger charging stations and Powerwall, a home battery.','','usd','United States','NASDAQ','cyclical',NULL,'2015-10-08 11:20:26','2016-11-01 11:31:44','','','http://www.teslamotors.com','','','3500 Deer Creek Rd\r\nPALO ALTO, CA 94304-1317\r\nUnited States - Map\r\n+1-650-6815000 (Phone)\r\n+1-302-6555049 (Fax)',NULL,197.7300,'16:00 31-Oct-2016','2016-11-01 11:31:44',0.0000,0.0000,0.0000,0.0000,NULL,0.0000,0.0000,0.0000,0.0000,NULL),(47,'SolarCity Corp','SCTY','SolarCity Corporation (SolarCity) sells renewable energy. The Company integrates the sales, engineering, installation, monitoring, maintenance and financing of its distributed solar energy systems. It offers long-term energy solutions to residential, commercial and government customers. It offers its customers the option to either purchase and own solar energy systems or to purchase the energy that its solar energy systems produce through various contractual arrangements. The Company\'s products, services and technologies include solar energy systems, customer agreements, grid control / energy storage systems, Zep solar mounting systems and software. The Company\'s wholly owned subsidiary, Zep Solar, Inc. (Zep Solar) licenses its Zep Groove technology to photovoltaic module and power electronics manufacturers, and supplies the Company with complementary mounting and grounding hardware. The Company served customers in 15 states and the District of Columbia, United States.','','usd','United States','NASDAQ','',NULL,'2015-10-08 11:22:27','2016-10-17 14:58:42','','','http://www.solarcity.com','','',NULL,NULL,19.7200,'10:43 17-Oct-2016','2016-10-17 14:58:42',0.0000,0.0000,0.0000,0.0000,NULL,0.0000,0.0000,0.0000,0.0000,NULL),(48,'Lloyds Banking Group PLC','LLOY','Lloyds Banking Group plc is engaged in providing financial services to individual and business customers in the United Kingdom and in certain locations overseas. The Company offers retail and commercial banking, and long-term savings, protection and investment. It operates through five segments: Retail, Commercial Banking, Consumer Finance, Insurance and TSB Banking Group plc (TSB). Retail segment provides banking, mortgages and other financial services to personal customers in the United Kingdom. Commercial Banking segment provides banking and related services to business clients. Consumer Finance segment provides asset finance and credit card products. Insurance segment provides long-term savings, protection and investment products, as well as general insurance products in the United Kingdom. TSB is engaged in retail banking business. Its services are offered through various brands, including Lloyds Bank, Halifax, Bank of Scotland and Scottish Widows.','Script coming up for sale in 2016.','gbp','United Kingdom','LSE','financials',NULL,'2015-10-09 11:09:42','2016-10-17 15:00:28','','','http://www.lloydsbankinggroup.com','','','25 Gresham Street\r\nLONDON, EC2V 7HN\r\nUnited Kingdom - Map\r\n+44-20-76261500 (Phone)',NULL,53.0100,'15:45 17-Oct-2016','2016-10-17 15:00:28',0.0000,0.0000,0.0000,0.0000,NULL,0.0000,0.0000,0.0000,0.0000,NULL),(49,'FTSE 100','','^FTSE','','gbp','United Kingdom','LSE','',NULL,'2015-10-27 16:05:17','2015-11-03 15:33:47','','','','','',NULL,NULL,0.0000,NULL,NULL,0.0000,0.0000,0.0000,0.0000,NULL,0.0000,0.0000,0.0000,0.0000,NULL),(50,'Amec Foster Wheeler','AMFW','Amec Foster Wheeler plc is engaged in designing, delivering and maintaining infrastructure assets across various markets that include mining, clean energy, power generation and infrastructure markets. The Company has the following operating segments: Americas; Northern Europe & CIS; Asia, Middle East, Africa & Southern Europe (AMEA); Global Power Group, and Investment Services. The Company\'s Americas segment is engaged in Oil & Gas, Mining, Clean Energy, and Environment and Infrastructure. The Company\'s Northern Europe & CIS segment is engaged in the Oil & Gas, Clean Energy, and Environment and Infrastructure areas. The Company\'s AMEA segment is engaged in projects, which include providing asset support for gas facilities in East Timor Sea, operational readiness services in offshore Australia, and onshore turnaround and maintenance support in Australia.','Dropped 195p on second half trading update 05-Nov-15 (750p -> 550p)','gbp','United Kingdom','LSE','energy',NULL,'2015-11-05 09:47:13','2016-01-08 12:37:32','Energy','Oil Related Services','http://www.amec.com','','','Booths Park, Chelford Road\r\nKNUTSFORD, WA16 8QZ\r\nUnited Kingdom - Map\r\n+44-1565-652100 (Phone)\r\n+44-20-74297550 (Fax)',NULL,0.0000,NULL,NULL,0.0000,0.0000,0.0000,0.0000,NULL,0.0000,0.0000,0.0000,0.0000,NULL),(51,'Iconix Blash Grp Inc','ICON','','Value Authority (dropped 50% Nov 15)','usd','United States','NYSE','',NULL,'2015-11-09 08:30:46','2015-11-09 08:30:46','','','','','',NULL,NULL,0.0000,NULL,NULL,0.0000,0.0000,0.0000,0.0000,NULL,0.0000,0.0000,0.0000,0.0000,NULL),(52,'BHP Billiton PLC','BLT','BHP Billiton Plc is engaged in exploration, development, production, processing and marketing of minerals, in respect of iron ore, metallurgical and energy coal, copper, aluminum, manganese, uranium, nickel, silver and potash, and exploration, development, production and marketing of conventional and unconventional oil and gas. The Company operates through segments, including Petroleum and Potash, Copper, Iron Ore and Coal. The Company\'s Petroleum and Potash segment is engaged in exploration, development and production of oil and gas and potash pre-development. The Copper segment is engaged in mining of copper, silver, lead, zinc, molybdenum, uranium and gold. The Iron Ore segment is engaged in mining of iron ore. The Coal segment is engaged in mining of metallurgical coal and thermal (energy) coal.','Gavin works there','gbp','United Kingdom','LSE','',NULL,'2015-11-13 10:43:46','2016-09-06 09:41:29','','','http://www.bhpbilliton.com/home/Pages/default.aspx','','','8Th Floor - Neathouse Place\r\nLONDON, SW1V 1BH\r\nUnited Kingdom - Map\r\n+44-20-78024000 (Phone)\r\n+44-20-78024111 (Fax)',NULL,1005.0000,'10:26 06-Sep-2016','2016-09-06 09:41:29',0.0000,0.0000,0.0000,0.0000,NULL,0.0000,0.0000,0.0000,0.0000,NULL),(53,'Monitise','MONI','Monitise is in the mobile telecommunications sector and is currently trading at 2.97p per share. In the last year Monitise\'s share price has ranged from 2.55p to 34.00p and brokers are currently rating this stock as \'neutral\'.','','gbp','United Kingdom','LSE','Mobile Telecommunications',NULL,'2015-11-13 11:12:29','2016-10-17 15:00:36','AIM','AMSM','','','',NULL,NULL,2.5975,'15:07 17-Oct-2016','2016-10-17 15:00:36',0.0000,0.0000,0.0000,0.0000,NULL,0.0000,0.0000,0.0000,0.0000,NULL),(54,'First Group','FGP','FirstGroup is one of Britain’s largest transport companies, operating bus services, passenger and freight rail services in the UK and yellow school bus and other services in the US. The group’s UK rail interests include First Great Western, TransPennine Express, Hull Trains, First Great Western Link, First North Western and GB Railfreight.','','gbp','United Kingdom','LSE','Travel & Leisure',NULL,'2015-11-13 12:13:12','2016-09-06 09:43:58','','','','','',NULL,NULL,111.6000,'10:14 06-Sep-2016','2016-09-06 09:43:58',0.0000,0.0000,0.0000,0.0000,NULL,0.0000,0.0000,0.0000,0.0000,NULL),(55,'National Grid PLC','NG','National Grid Plc is an electricity and gas utility company. The UK Electricity Transmission includes high voltage electricity transmission networks in Great Britain. Its UK Gas Transmission provides the gas transmission network in Great Britain and UK liquefied natural gas (LNG) storage activities. The Company’s UK Gas Distribution includes four of the eight regional networks of Great Britain’s gas distribution system. US Regulated includes gas distribution networks, electricity distribution networks and high voltage electricity transmission networks in New York and New England and electricity generation facilities in New York and Massachusetts. The Company’s activities primarily relate to non-regulated businesses and other commercial operations, including United Kingdom based gas and electricity metering activities; UK property management; a UK LNG import terminal; other LNG operations, and US unregulated transmission pipelines.','','gbp','United Kingdom','LSE','',NULL,'2015-11-13 13:41:20','2015-11-13 13:41:20','','','','','',NULL,NULL,0.0000,NULL,NULL,0.0000,0.0000,0.0000,0.0000,NULL,0.0000,0.0000,0.0000,0.0000,NULL),(56,'GlaxoSmithKline plc','GSK','GlaxoSmithKline plc. (GSK) is a healthcare company that researches and develops pharmaceuticals, vaccines and consumer healthcare products. The Company operates in two segments: Pharmaceuticals and Vaccines, and Consumer Healthcare. The Pharmaceuticals segment develops and makes medicines to treat a range of acute and chronic diseases. Its human immunodeficiency virus (HIV) business is managed through ViiV Healthcare. GSK\'s Vaccines has a portfolio of over 30 paediatric, adolescent, adult travel vaccines. GSK\'s Established Products Portfolio includes over 50 off-patent products, as well as its branded generics business and other local products. The Consumer Healthcare business develops and markets products in four categories, such as wellness, oral health, nutrition and skin health. Its brands include Sensodyne, Panadol, Horlicks, Polident, Paradontax, Tums, ENO, NiQuitin/Nicorette, Abreva, Zovirax and Aquafresh. It operates in the United Kingdom, the United States, Belgium and China.','Pro Watchlist (since 17-Oct-2011)','gbp','United Kingdom','LSE','Healthcare',NULL,'2015-11-24 12:17:01','2016-09-06 09:59:44','Pharmaceuticals','','http://www.gsk.com','','',NULL,NULL,1636.5000,'10:44 06-Sep-2016','2016-09-06 09:59:44',0.0000,0.0000,0.0000,0.0000,NULL,0.0000,0.0000,0.0000,0.0000,NULL),(57,'Markel Corporation','MKL','Markel Corporation is a financial holding company serving variety of markets. The Company markets and underwrites specialty insurance products. The Company also owns interests in various industrial and service businesses that operate outside of the specialty insurance marketplace. The Company operates in three segments: U.S. Insurance, International Insurance and Reinsurance. The U.S. Insurance segment includes all direct business and facultative placements written by the Company\'s insurance subsidiaries domiciled in the United States. The International Insurance segment includes all direct business and facultative placements written by the Company\'s insurance subsidiaries domiciled outside of the United States, including the Company\'s syndicate at Lloyd\'s. The Reinsurance segment includes all treaty reinsurance written across the Company. In the United States, it writes business in the excess and surplus lines (E&S) and specialty admitted insurance and reinsurance markets.','Motley Fool Pro - they bought the stock c. $600','usd','United States','NYSE','Financial',NULL,'2015-11-26 10:31:37','2016-06-14 09:55:18','','','https://www.markelcorp.com','','',NULL,NULL,930.1900,'16:02 13-Jun-2016','2016-06-14 09:55:18',0.0000,0.0000,0.0000,0.0000,NULL,0.0000,0.0000,0.0000,0.0000,NULL),(58,'Berkshire Hathaway Inc.','BRK-B','Berkshire Hathaway Inc. is a holding company owning subsidiaries engaged in various business activities. The Company conducts insurance businesses on both a primary basis and a reinsurance basis, a freight rail transportation business and a group of utility and energy generation and distribution businesses. Its insurance and reinsurance business activities are conducted through various domestic and foreign-based insurance entities. Its insurance businesses provide insurance and reinsurance of property and casualty risks and also reinsure life, accident and health risks across the world. Its segments include GEICO, General Re, Berkshire Hathaway Reinsurance Group, Berkshire Hathaway Primary Group, BNSF, Berkshire Hathaway Energy, McLane Company, Manufacturing, Service and retailing, and Finance and financial products.','Warren Buffet','usd','United States','NYSE','Financials',NULL,'2015-11-26 11:40:36','2016-09-06 09:43:20','','','http://www.berkshirehathaway.com','','',NULL,NULL,150.7200,'16:00 02-Sep-2016','2016-09-06 09:43:20',0.0000,0.0000,0.0000,0.0000,NULL,0.0000,0.0000,0.0000,0.0000,NULL),(59,'GKN PLC','GKN','Engineer GKN is responsible for making most of the cars around the world move. It designs and manufactures drive shafts and axle joints and dominates its field. Its other businesses include metallurgical powders but it is the car side of the business that now dominates the group\'s operations. GKN employs over 48,000 people within its companies and joint ventures in more than 30 countries.','','gbp','United Kingdom','LSE','Automobiles and related providers',NULL,'2015-11-26 12:05:45','2016-08-01 11:33:46','','','http://www.gkn.com','','',NULL,NULL,289.5273,'12:18 01-Aug-2016','2016-08-01 11:33:46',0.0000,0.0000,0.0000,0.0000,NULL,0.0000,0.0000,0.0000,0.0000,NULL),(60,'Anglo American plc (S. Africa)','AAL','Anglo American PLC (Anglo American) is a mining company. The Company\'s segments include Iron Ore and Manganese, which includes iron ore, manganese ore and alloys; Coal, which includes metallurgical coal and thermal coal; Copper, which includes copper; Nickel, which includes nickel; Niobium, which includes niobium; Phosphates, which includes phosphates; Platinum, which includes platinum group metals, and De Beers, which includes rough and polished diamonds. Its portfolio offers bulk commodities and base metals to precious metals and diamonds (through De Beers). Its bulk commodities include iron ore, manganese, metallurgical coal and thermal coal. The Company\'s base metals and minerals include copper, nickel, niobium and phosphates. In precious metals and minerals, the Company produces both platinum and diamonds. Its mining operations, projects and exploration and marketing activities extend across southern Africa, South America, Australia, North America, Asia and Europe.','RV Global Associates: Trade Update - Short Anglo American +71.71%','gbp','United Kingdom','LSE','Basic Materials',NULL,'2015-11-27 17:05:40','2016-06-14 09:57:13','','','http://www.angloamerican.com/','','',NULL,NULL,611.1000,'10:41 14-Jun-2016','2016-06-14 09:57:13',0.0000,0.0000,0.0000,0.0000,NULL,0.0000,0.0000,0.0000,0.0000,NULL),(61,'Intel','INTC','Intel Corporation is engaged in the design and manufacture of digital technology platforms. The Company sells these platforms to original equipment manufacturers (OEMs), original design manufacturers (ODMs), and industrial and communications equipment manufacturers in the computing and communications industries. The Company’s platforms are used to deliver a range of computing experiences in notebooks, 2 in 1 systems, desktops, servers, tablets, smartphones, and the Internet of Things. It also develops and sells software and services focused on security and technology integration. The Company’s operating segments include the PC Client Group (PCCG), the Data Center Group (DCG), the Internet of Things Group (IOTG), the Mobile and Communications Group (MCG), the software and services (SSG) and all other. SSG segment includes McAfee and software and services group. All Other segment includes Non-Volatile Memory Solutions Group, Netbook Group and New Devices Group.','Investors Place Insights','usd','United States','NASDAQ','Technology',NULL,'2015-11-30 08:55:31','2016-07-08 08:10:15','','','http://www.intel.com','','',NULL,NULL,33.2000,'16:00 07-Jul-2016','2016-07-08 08:10:15',0.0000,0.0000,0.0000,0.0000,NULL,0.0000,0.0000,0.0000,0.0000,NULL),(62,'Zoopla Property Group PLC','ZPLA','Zoopla Property Group Plc is a United Kingdom-based company that is engaged in digital media business. The Company owns and operates online property brands, including Zoopla, PrimeLocation, SmartNewHomes and HomesOverseas. The Company provides online resources to property consumers. The Company\'s products, such as ZooplaPro and MarketView, provide members with information on their marketing performance and their competitive position in a local area. The Company has over 19,600 estate agents, lettings agents and new homes developers across the United Kingdom who advertise on its Websites. In addition to operating its own Websites, the Company powers the property search facility on a number of other United Kingdom Websites.','CSS Morning News 03-Dec-15: Barclays Capital rated it Overweight 270p','gbp','United Kingdom','LSE','Cyclical Consumer Goods & Services',NULL,'2015-12-03 09:13:15','2016-09-06 10:01:24','','','http://www.zpg.co.uk/','','','Harlequin Building 65 Southwark Street\r\nLONDON, SE1 0HR\r\nUnited Kingdom - Map\r\n+44-20-76204770 (Fax)',NULL,332.3680,'10:28 06-Sep-2016','2016-09-06 10:01:24',0.0000,0.0000,0.0000,0.0000,NULL,0.0000,0.0000,0.0000,0.0000,NULL),(63,'Aldermore Group','ALD','Aldermore is a UK “challenger” bank specialising in diverse property lending, including BTL “buy to let” lending, “SME” small and medium sized commercial loans. Q3 results detailed strong 20% loan book growth to £5.8bn (residential mortgages +22% to £3.1bn/ SME +19% to £2.7bn). The board commented on “benign” lending conditions in the UK alongside the group’s continued success in attracting deposit funding, which grew 20% to £5.4bn. Aldermore had total capital ratio of 15.6% and leverage of 7.2% above the challenger peer group.\r\n\r\nCompany	Aldermore Grp\r\nShare Price	229\r\nTarget Price	315\r\n52 Wk Hi/Low	316/214\r\nShares O/S	344.7m\r\nMarket Capitalisation	£790m\r\nAvg Daily Volume	580k\r\nDividend Yield	0%\r\nSource; Fidessa plc\r\n\r\nKey CatalystsAldermore is making progress towards its 40% cost/ income target (due 2017) currently this is 53.3% hence reaching this objective could boost profit by 35%. Recent changes to the treatment of BTL loans, ending their tax deductibility by 2020 has caused concern over loan demand as these changes are phased in. Still profit growth has been impressive, more than doubling over H1 2015 to £44m, on track for £95m 2015 forecasts. Aldermore is a likely consolidator in the challenger bank peer group.\r\nKey Risks to Price Target\r\n\r\ni) Aldermore shares are highly rated at 1.23x TNAV (tangible net asset value is 185p ps).\r\n\r\nii) Changes to the tax treatment of BTL loans will reduce BTL profitability and could reduce demand for Aldermore’s BTL loans, as these changes are phased in over 2017-2020.\r\n\r\niii) Subject to UK property market conditions, lending demand and collateral values\r\n------\r\nAldermore Group plc (Aldermore) focuses on specialist lending to small and medium-sized enterprises (SMEs) and homeowners. The Company’s lending segments include asset finance, invoice finance, SME commercial mortgages and residential mortgages. It is funded through online retail and SME deposits\r\n','CSS Top Recommendations for 2016 [09/12/15]','gbp','United Kingdom','LSE','financials',2009,'2015-12-09 14:56:12','2016-02-11 17:07:51','','','aldermore.co.uk','','','1st Floor Block B, Western House, Lynch Wood\r\nPETERBOROUGH, PE2 6FZ\r\nUnited Kingdom - Map\r\n+44-118-9556600 (Phone)',NULL,187.0000,'15:38','2016-02-11 17:07:51',0.0000,0.0000,0.0000,0.0000,NULL,0.0000,0.0000,0.0000,0.0000,NULL),(64,'Barclays','BARC','Barclays is UK financial institution comprising, Barclaycard, Africa Banking, Barclays Retail and   Commercial and Barclays Capital. Barclays has significant “non-core” businesses (£55bn risk weighted assets) that are for sale. Over 2015 John MacFarlane (former Aviva Chairman) took over as executive chairman whilst Jes Staley joined on 1st December as new CEO.\r\n\r\nCompany	Barclays\r\nShare Price	224\r\nTarget Price	280\r\n52 Wk Hi/Low	289/220\r\nShares O/S	16.78bn\r\nMarket Capitalisation	£37.6bn\r\nAvg Daily Volume	28.8m\r\nDividend Yield	2.9%\r\nSource; Fidessa plc\r\n\r\nKey CatalystsBarclays realisation of “non-core” should accelerate over 2016 reducing the drag on profits – and resulting in the shares trading nearer to TNAV (tangible net asset value) of 289p per share. At present there is a 22.5% discount. We expect continued strong performance from Barclaycard/ UK Retail/ Commercial on the revenue side but also the benefit of recent cost savings initiatives. We await guidance on the 2016 dividend after the disappointment over the decision to hold the 2015 dividend at the 6.5p paid in 2014.\r\nKey Risks to Price Target\r\n\r\ni) Liquidation of Barclays non-core assets could result in lower than expected proceeds. Recent higher cost estimates (£400m) could be raised, due to complex litigation and operational risks.\r\n\r\nii) Barclays is exposed to the tougher regulatory environment both in the US and UK. It is exposed to more US regulatory scrutiny as a “SIFI” (systemically important financial institution) and due to past wrongdoings in respect of LIBOR rigging/FX market manipulation.\r\n\r\niii) Recent hires suggest an increased strategic emphasis on Barclays capital markets business an area of previously heavy expenditure and low returns.\r\n-----\r\nBarclays PLC (Barclays) is a global financial services holding company. The Company operates in five business segments: Personal and Corporate Banking (PCB), Barclaycard, Africa Banking, Investment Bank and Head Office. Barclays Bank PLC is a wholly owned subsidiary of Barclays. The Personal and Corporate Banking (PCB) comprises personal banking, mortgages, wealth & investment management, and corporate banking. Barclaycard is an international payments services provider. The Africa Banking business is managed under three primary businesses. Its businesses include retail and business banking (RBB); wealth, investment management and insurance (WIMI); corporate and investment banking (CIB), as well as an Africa Head Office function. The Investment Bank consists of origination-led and returns-focused markets. Head Office comprises head office and central support functions. It also includes the businesses in transition and consolidation adjustments.','CSS Top Recommendations for 2016 [09/12/15]','gbp','United Kingdom','LSE','financials',NULL,'2015-12-09 16:50:24','2016-03-04 10:43:06','','','http://group.barclays.com','','','Canary Wharf, 1 Churchill Plac\r\nLONDON, E14 5HP\r\nUnited Kingdom - Map\r\n+44-20-31340952 (Phone)\r\n+44-20-71167665 (Fax)',NULL,170.4200,'10:28 04-Mar-2016','2016-03-04 10:43:06',0.0000,0.0000,0.0000,0.0000,NULL,0.0000,0.0000,0.0000,0.0000,NULL),(65,'Breedon Aggregates Ltd','BREE','Breedon Aggregates is a UK based supplier of cement, block, gravel and asphalt to the construction industry. The board have announced the acquisition of Hope Construction for £336m to be funded 60% via debt and 40% equity – a deal that will significantly enhance Breedon’s market share and ability to secure larger surfacing Ministry of Transport projects.\r\n\r\nCompany	         Breedon\r\nShare Price	64\r\nTarget Price	85\r\n52 Wk Hi/Low	67/41\r\nShares O/S	1.15bn\r\nMarket Capitalisation	£731m\r\nAvg Daily Volume	1.58m\r\nDividend Yield	0%\r\nSource; Fidessa plc\r\n\r\nKey CatalystsGoing into the merger, Breedon was performing strongly with aggregates volumes up 19% and group revenue up 20%, benefitting from good UK weather conditions. The Hope merger will add (in 2016) £285.6m revenues and c £24m annual profit to Breedon (whose annual revenues were £269.7m and annual profit of £21.4m in 2014) prior to cost savings. The deal is expected to be earnings enhancing lifting EPS by 16% in 2016 after £10m-£15m costs to realise £10m synergies.\r\nKey Risks to Price Target\r\n\r\ni) The Hope Construction acquisition will involve the issuance of 259.1m shares to Hope owners and a further 78.78m shares to placing investors at 51.79p per share.\r\n\r\nii) Breedon’s estimated £10m cost synergies from 2018 might be revised down.\r\n\r\niii) Breedon’s greater size will bring it into more direct competition with Lafarge, Cemex, Tarmac and Heidelburg Cement\r\n----------\r\nBreedon Aggregates Limited is a United Kingdom-based aggregates company. The principal activities of the business are quarrying of aggregates and the production of added value products, including asphalt and ready-mixed concrete, collectively known as aggregates, together with related activities in Great Britain and Jersey. The Company has two operating segments: England and Scotland. The England segments operates 15 quarries, nine asphalt plants and 23 ready-mixed concrete and mortar plants, serving the East & West Midlands and East Anglia, Wales, Greater Manchester and South Yorkshire. Its English surfacing contracting business undertakes road surfacing projects, as well as infrastructure contracts. The Scotland segment operates 38 quarries, 18 asphalt plants, 37 ready-mixed concrete plants and two concrete block plants, primarily supplying the north, west and east of Scotland, including the Hebrides.','CSS Top Recommendations for 2016 [09/12/15]','gbp','United Kingdom','LSE','materials',NULL,'2015-12-09 16:52:39','2015-12-09 16:52:39','','','http://www.breedonaggregates.com','','','Breedon Quarry, Breedon-on-the Hill-Hill\r\nDERBY, DE73 8FU\r\nUnited Kingdom - Map\r\n+44-1332-694010 (Phone)\r\n+44-1332-694445 (Fax)',NULL,0.0000,NULL,NULL,0.0000,0.0000,0.0000,0.0000,NULL,0.0000,0.0000,0.0000,0.0000,NULL),(66,'Compass Group plc','CPG','Compass Group is a global market leader in contract catering, facilities management (“FM”) and food retail. Compass has grown from its UK roots in the 1980s to a very large international business (in 65 countries) with annual revenues of £17.6bn of which £1.8bn is UK based. Compass growth has been derived from both acquisition and organic growth. In recent years however organic growth has been more in evidence allowing Compass to increase shareholder returns.\r\n\r\nCompany	Compass Grp\r\nShare Price	1158\r\nTarget Price	1300\r\n52 Wk Hi/Low	1219/991\r\nShares O/S	1644m\r\nMarket Capitalisation	£19.04bn\r\nAvg Daily Volume	4.88m\r\nDividend Yield	2.52%\r\nSource; Fidessa plc\r\n\r\nKey CatalystsCompass reported profit growth in 2015 with EPS +11% to 53.7p on revenues up 5.8% to £17.8bn. The results reflected organic growth in North America (revenues +7.9%) and 11% emerging markets growth. The closely managed operating margin rose 0.1% to 7.2%. Compass is building traction in North America via new clients in US education, sports and healthcare sectors. Compass could announce a special dividend over 2016 given gearing is just 15%; the board said they will return surplus cash to shareholders.\r\nKey Risks to Price Target\r\n\r\ni) Exposure to emerging markets small businesses and competitive pressures.\r\n\r\nii) Subject to operational & regulatory risks relating to Food Safety and Health& Safety standards.\r\n\r\niii) Compass overseas profits would be reduced during periods of sterling strength or if difficulties arose in the repatriation of overseas profits.\r\n---------\r\nCompass Group PLC provides food and support services. The Company\'s segments include North America, Europe & Japan, and Fast Growing & Emerging. It provides breakfasts, lunches and dinners, and also offers hospitality services. The Company offers a range of soft support services, including cleaning, reception and some building maintenance. The Company delivers services in five sectors: business and industry; healthcare and seniors; education; defense, and offshore and remote, and sports and leisure. It provides food and support services to companies in the oil and gas, mining and construction industries. The Company specializes in helping hospitals in the public and private sectors. The Company also provides services to residential homes and home meal delivery services. The Company offers the Compass Service Framework and International Clients Management Program. The Company operates at various sporting and leisure venues, exhibition centers, visitor attractions and various events.','CSS Top Recommendations for 2016 [09/12/15]','gbp','United Kingdom','LSE','cyclical',NULL,'2015-12-09 16:54:35','2015-12-09 16:54:53','','','http://www.compass-group.com/','','','Compass House, Guildford Street\r\nCHERTSEY, KT16 9BQ\r\nUnited Kingdom - Map\r\n+44-1932-573000 (Phone)\r\n+44-1932-569956 (Fax)',NULL,0.0000,NULL,NULL,0.0000,0.0000,0.0000,0.0000,NULL,0.0000,0.0000,0.0000,0.0000,NULL),(67,'Johnson Matthey PLC','JMAT','Johnson Matthey is a global leader in the manufacturing of ECT (emission control technologies typically catalytic converters), process technologies in chemicals and oil refining, platinum metal products (platinum and palladium). Johnson Matthey sold its research chemicals business in 2015 and will distribute the proceeds to shareholders via a 150p special dividend – with an XD date of 11th January 2016. The board recently signed an important deal with Intelligent Energy to bring its fuel stack technology to the consumer automobile market by 2020.\r\n\r\nCompany	                      J Matthey\r\nShare Price	2670\r\nTarget Price	3400\r\n52 Wk Hi/Low	3571/2318\r\nShares O/S	204.92m\r\nMarket Capitalisation	£5.47bn\r\nAvg Daily Volume	541k\r\nDividend Yield	2.56%\r\nSource; Fidessa plc\r\n\r\nKey Catalysts\r\nWe expect a rebalancing in the diesel market over 2016 (c.15% of Matthey’s profits) post the VW scandal. Some of the “lost” business may well be recouped by higher gasoline particulate filter sales. Longer term as emissions testing become more rigorous, this is likely to lift demand for Matthey’s higher value ECT technology. Still recent interim results leave the company on track to meet 177p EPS forecasts for 2016 notwithstanding headwinds in metal refining.\r\nKey Risks to Price Target\r\n\r\ni) Recent declines in platinum group prices and slack demand will impact the refining business.\r\n\r\nii) Johnson Matthey is exposed to weaker demand for diesel cars/catalytic converters\r\n\r\niii) Exposure to global Heavy Duty Vehicle annual growth (expected at 11.3% to 2020)- these forecasts could prove optimistic if global GDP slows.\r\n------\r\nJohnson Matthey PLC is a specialty chemicals company. The Company operates in five divisions: Emission Control Technologies, Process Technologies, Precious Metal Products, Fine Chemicals and New Businesses. Emission Control Technologies is a manufacturer of catalysts and catalyst systems for vehicles and industry. Process Technologies is a supplier of catalysts, licensing technologies and other services to the syngas, oleo/biochemical, petrochemical, oil refining and gas processing industries. Precious Metal Products manages, distributes, refines and recycles precious metals and fabricates products using precious metals and related materials. Fine Chemicals is a supplier of active pharmaceutical ingredients, fine chemicals and other specialty chemical products and services to a range of pharmaceutical and chemical industry customers and industrial and academic research organizations. New Businesses focuses on its Battery Technologies and Fuel Cells Businesses.','CSS Top Recommendations for 2016 [09/12/15]','gbp','United Kingdom','LSE','materials',NULL,'2015-12-09 16:57:34','2015-12-09 16:58:11','','','http://www.matthey.com','','','5th Floor 25 Farringdon Street\r\nLONDON, EC4A 4AB\r\nUnited Kingdom - Map\r\n+44-20-72698400 (Phone)\r\n+44-20-72698433 (Fax)',NULL,0.0000,NULL,NULL,0.0000,0.0000,0.0000,0.0000,NULL,0.0000,0.0000,0.0000,0.0000,NULL),(68,'Senior PLC','SNR','Senior is a UK manufacturer of high technology components and systems for worldwide aerospace, land vehicle and energy markets. Over 2015 Senior bought Lymington Precision Engineering for £47.5m and US based Steico Industries (2014 revenues $37m/profit before interest, tax and depreciation $6.6m) for $90m. Senior’s aerospace division provides extensive components and systems for Boeing and Airbus as well as Sikorsky commercial helicopters. Senior guided analysts to expect a result near the bottom of its range of £99m-£106.5m post the appointment of the new CEO David Squires on 1st June 2015.\r\n\r\nCompany	Senior\r\nShare Price	241\r\nTarget Price	330\r\n52 Wk Hi/Low	358/219\r\nShares O/S	419.4m\r\nMarket Capitalisation	£1011m\r\nAvg Daily Volume	379k\r\nDividend Yield	2.38%\r\nSource; Fidessa plc\r\n\r\nKey Catalysts\r\nThe updated guidance reflects aerospace sluggishness (2% growth) and soft oil and gas markets. Senior continues to generate prodigious annual free cash flow c. £50m v net debt of c.£202m post Steico.We expect growth in free cash flow to £70m over 2016 but also a period of consolidation during which Senior reduces net debt and concentrates on integrating both Lymington and Steico.\r\nKey Risks to Price Target\r\n\r\ni) Senior’s key markets, aerospace and energy have experienced sluggish trading conditions of late.\r\n\r\nii) Possible further updates to profit guidance ahead of 2016, given new CEO’s cautious stance.\r\n\r\niii) Senior’s growth is achieved primarily via acquisition-led growth. This approach entails execution and balance sheet risks. Senior could write down part of the acquisition costs in 2016.\r\n------\r\nSenior plc is a United Kingdom-based engineering solutions provider. The Company designs, manufactures and markets high- technology components and systems for the principal original equipment producers in the aerospace, defense, land vehicle and energy markets. It operates in two divisions: Aerospace and Flexonics. The Aerospace Division serves both the commercial aerospace and defense markets with a range of products and systems for structures, fluid conveyance, and gas turbine engines. The Flexonics division serves markets with products for land vehicle emission control and industrial process control applications. The Company operates in five market sectors: three in Aerospace, which include Fluid Conveyance Systems, Gas Turbine Engines and Structures and two in Flexonics, which include Land Vehicle Emission Control and Industrial Process Control. The Aerospace Division consists of 19 operations and the Flexonics Division consists of 13 operations.','CSS Top Recommendations for 2016 [09/12/15]','gbp','United Kingdom','LSE','industrials',NULL,'2015-12-09 17:16:07','2015-12-09 17:16:07','','','http://www.seniorplc.com','','','59/61 High Street\r\nRICKMANSWORTH, WD3 1RH\r\nUnited Kingdom - Map\r\n+44-1923-775547 (Phone)\r\n+44-1923-775583 (Fax)',NULL,0.0000,NULL,NULL,0.0000,0.0000,0.0000,0.0000,NULL,0.0000,0.0000,0.0000,0.0000,NULL),(69,'Sports Direct International Plc','SPD','Sports Direct International Plc is a United Kingdom-based holding company. The Company is a sports retailer engaged in retailing of sports and leisure clothing, footwear and equipment; wholesale distribution and sale of sports and leisure clothing, footwear and equipment under Company-owned or licensed brands, and licensing of its brands. It operates through three business segments: Sports Retail, Premium Lifestyle and Brands. Its Sports Retail segment includes the United Kingdom and international retail network of sports stores along with related Websites. Its Premium Lifestyle segment includes premium retail businesses, such as Cruise and Flannels. Its Brands segment includes the portfolio of internationally recognized brands, such as Everlast, Lonsdale and Dunlop. The Company offers its products under the brands, including Slazenger, Karrimor, Nike, Under Armour, Reebok, Puma, Kangol, No Fear and Firetrap. Its subsidiaries include Direct Fishing Limited and Campri Limited.','Price tanked to c.586 (-12%) on 10-Dec-15','gbp','United Kingdom','LSE','cyclical',NULL,'2015-12-10 13:01:29','2016-08-01 11:34:29','','','http://www.sportsdirectplc.com','','','Unit A, Brook Park East Road\r\nSHIREBROOK, NG20 8RY\r\nUnited Kingdom - Map\r\n+44-84-51299200 (Phone)',NULL,283.0000,'12:16 01-Aug-2016','2016-08-01 11:34:29',0.0000,0.0000,0.0000,0.0000,NULL,0.0000,0.0000,0.0000,0.0000,NULL),(70,'Hewlett Packard Enterprise ','HPE','Hewlett Packard Enterprise Company (Hewlett Packard Enterprise) is engaged in offering information technology (IT) and enterprise services solutions. The Company focuses on technology solutions, which enables the customers to build cloud-enabled, mobile-ready solutions that is suited to their needs. The Company\'s portfolio includes enterprise services, software and financial services businesses. Hewlett Packard Enterprise offers its services to various enterprises and governments.','7 Best Cheap Stocks to Buy for 2016','usd','United States','NYSE','technology',NULL,'2015-12-17 08:32:44','2015-12-17 08:32:44','','','','','','3000 Hanover St\r\nPALO ALTO, CA 94304-1112\r\nUnited States - Map\r\n+1-512-3192282 (Phone)\r\n+1-302-6555049 (Fax)',NULL,0.0000,NULL,NULL,0.0000,0.0000,0.0000,0.0000,NULL,0.0000,0.0000,0.0000,0.0000,NULL),(71,'Gilead Sciences, Inc.','GILD','Gilead Sciences, Inc. (Gilead), is a research-based biopharmaceutical company that discovers, develops and commercializes innovative medicines. The Company’s primary areas of focus include human immunodeficiency virus (HIV), liver diseases such as chronic hepatitis C virus (HCV) infection and chronic hepatitis B virus (HBV) infection, oncology and inflammation, and serious cardiovascular and respiratory conditions. The Company’s HIV products include Stribild, Complera/Eviplera, Atripla, Truvada, Viread, Emtriva, Tybost and Vitekta. Its Liver Diseases products include Harvoni, Sovaldi, Viread and Hepsera. Zydelig is the Company’s oncology product. Its Cardiovascular products include Letairis, Ranexa and Lexiscan/Rapiscan. Its Respiratory products include Cayston and Tamiflu. Its other products include AmBisome and Macugen.','7 Best Cheap Stocks to Buy for 2016','usd','United States','NASDAQ','healthcare',NULL,'2015-12-17 10:21:45','2015-12-17 10:21:45','','','http://www.gilead.com','','','333 LAKESIDE DR\r\nFOSTER CITY, CA 94404\r\nUnited States - Map\r\n+1-650-5743000 (Phone)\r\n+1-650-5789264 (Fax)',NULL,0.0000,NULL,NULL,0.0000,0.0000,0.0000,0.0000,NULL,0.0000,0.0000,0.0000,0.0000,NULL),(72,'AMAG Pharmaceuticals, Inc.','AMAG','AMAG Pharmaceuticals, Inc. is a specialty pharmaceutical company. The Company focuses on maternal health, anemia and cancer supportive care. The Company markets Makena (hydroxyprogesterone caproate injection), Feraheme (ferumoxytol) Injection for Intravenous (IV) use and MuGard Mucoadhesive Oral Wound Rinse. Feraheme is an IV iron replacement therapy for the treatment of iron deficiency anemia (IDA) in adult patients with chronic kidney disease (CKD). Feraheme is approved for marketing in the United States. Makena is a drug indicated to reduce the risk of preterm birth in women with a singleton pregnancy who have a history of singleton spontaneous preterm birth. MuGard is indicated for the management of oral mucositis/stomatitis and all types of oral wounds, including aphthous ulcers/canker sores and traumatic ulcers, such as those caused by oral surgery or ill-fitting dentures or braces.','7 Best Cheap Stocks to Buy for 2016','usd','United States','NASDAQ','healthcare',NULL,'2015-12-17 10:24:24','2016-02-11 16:04:58','','','http://www.amagpharma.com','','','1100 Winter St\r\nWALTHAM, MA 02451-1427\r\nUnited States - Map\r\n+1-617-4983300 (Phone)\r\n+1-617-4993361 (Fax)',NULL,21.1300,'10:49','2016-02-11 16:04:58',0.0000,0.0000,0.0000,0.0000,NULL,0.0000,0.0000,0.0000,0.0000,NULL),(73,'Pilgrim\'s Pride Corporation','PPC','Pilgrim\'s Pride Corporation (Pilgrim\'s) is a producer of Chicken products. The Company is a producer and seller of chicken products with operations in the United States, Mexico and Puerto Rico. The Company is engaged in the production, processing, marketing and distribution of fresh, frozen and value-added chicken products to retailers, distributors and foodservice operators. Its fresh chicken products include refrigerated (non-frozen) whole chickens, whole cut-up chickens and selected chicken parts that are either marinated or non-marinated. Its prepared chicken products include fully cooked, ready-to-cook and individually frozen chicken parts, strips, nuggets and patties. The Company focuses on foodservice industry, principally chain restaurants and food processors, such as Chick-fil-A and Yum! Brands; distributors, such as US Foods and Sysco and retail customers, including grocery store chains, and wholesale clubs, such as Kroger, Wal-Mart, Costco, Publix and Sam\'s Club.','7 Best Cheap Stocks to Buy for 2016','usd','United States','NASDAQ','non-cyclical',NULL,'2015-12-17 10:26:05','2015-12-17 10:26:05','','','http://www.pilgrims.com/','','','1770 Promontory Cir\r\nGREELEY, CO 80634-9039\r\nUnited States - Map\r\n+1-970-5068000 (Phone)\r\n+1-302-6365454 (Fax)',NULL,0.0000,NULL,NULL,0.0000,0.0000,0.0000,0.0000,NULL,0.0000,0.0000,0.0000,0.0000,NULL),(74,'Citigroup Inc','C','Citigroup Inc. (Citi) is a financial services holding company, whose businesses provide consumers, corporations, governments and institutions with financial products and services, including consumer banking and credit, corporate and investment banking, securities brokerage, trade and securities services, and wealth management. The Company operates through two primary business segments: Citicorp and Citi Holdings. Citicorp consists of the operating businesses: Global Consumer Banking, which consists of consumer banking in North America, EMEA, Latin America and Asia, and Institutional Clients Group, which includes Banking and Markets and securities services. Citi Holdings contains businesses and portfolios of assets that Citi has determined are not central to its core Citicorp businesses. Citi\'s consumer operations, as well as the consumer finance business in Korea and certain businesses in ICG form part of Citi Holdings.','7 Best Cheap Stocks to Buy for 2016','usd','United States','NYSE','financials',NULL,'2015-12-17 10:28:01','2015-12-17 10:28:01','','','http://www.citigroup.com','','','399 Park Ave\r\nNEW YORK, NY 10022-4614\r\nUnited States - Map\r\n+1-212-5591000 (Phone)\r\n+1-302-6555049 (Fax)',NULL,0.0000,NULL,NULL,0.0000,0.0000,0.0000,0.0000,NULL,0.0000,0.0000,0.0000,0.0000,NULL),(75,'Navient Corp','NAVI','Navient Corporation is a loan management, servicing and asset recovery company. The Company holds the portfolio of education loans insured or guaranteed under the Federal Family Education Loan Program (FFELP), as well as the portfolio of Private Education Loans. FFELP Loans are insured or guaranteed by state based on guaranty agreements among the United States Department of Education (ED) and these agencies. Private Education Loans are education loans to students or their families that bear the full credit risk of the customer and any cosigner. The Company operates in three segments: FFELP Loans, Private Education Loans and Business Services. The Company services its own portfolio of education loans, as well as those owned by banks, credit unions, non-profit education lenders and ED. It also provides asset recovery services on its own portfolio, guaranty agencies, higher education institutions, ED and other federal clients, as well as states, courts and municipalities.','7 Best Cheap Stocks to Buy for 2016','usd','United States','NASDAQ','financials',NULL,'2015-12-17 10:30:13','2015-12-17 10:30:13','','','http://www.navientcorp.com','','','123 Justison Street, Suite 300\r\nWILMINGTON, DE 19801\r\nUnited States\r\n+1-302-2838000 (Phone)\r\n+1-302-6365454 (Fax)',NULL,0.0000,NULL,NULL,0.0000,0.0000,0.0000,0.0000,NULL,0.0000,0.0000,0.0000,0.0000,NULL),(76,'Terex Corporation','TEX','Terex Corporation is a lifting and material handling solutions company. The Company is focused providing its operations and delivering solutions for a range of commercial applications, including the construction, infrastructure, quarrying, mining, manufacturing, transportation, energy and utility industries. The Company operates in business segments: Aerial Work Platforms, Construction, Cranes, Material Handling & Port Solutions, and Materials Processing. Its products are manufactured in North and South America, Europe, Australia and Asia and sold across the world. It offers a range of products, including portable material lifts, telehandlers, wheel loaders, midi excavators, site dumpers, tower cranes, utility equipment, industrial cranes, reach stackers, washing systems, chippers and sprinter carriers, among others. Its brands include Terex, Genie, Demag and Powerscreen.','7 Best Cheap Stocks to Buy for 2016\r\nhttp://investorplace.com/2015/12/cheap-stocks-to-buy-2016/view-all/#.VnJyREqLRhE','usd','United States','NYSE','industrials',NULL,'2015-12-17 10:32:00','2015-12-17 10:32:35','','','http://www.terex.com','','','200 Nyala Farms Rd\r\nWESTPORT, CT 06880-6265\r\nUnited States - Map\r\n+1-203-2227170 (Phone)\r\n+1-203-2227976 (Fax)',NULL,0.0000,NULL,NULL,0.0000,0.0000,0.0000,0.0000,NULL,0.0000,0.0000,0.0000,0.0000,NULL),(77,'Amazon.com, Inc.','AMZN','Amazon.com, Inc. (Amazon.com) is an e-commerce company. The Company sells a range of products and services through its Websites. The Company\'s products are offered through consumer-facing Websites, which include merchandise and content that it purchases for resale from vendors and those offered by third-party sellers. It designs its Websites to enable products to be sold by the Company and by third parties across various product categories. It also manufactures and sells electronic devices, including Kindle e-readers, Fire tablets, Fire TVs, Echo and Fire phones. Amazon.com operates in two segments: North America and International. The North America segment focuses on retail sales earned through North America-focused Websites. The International segment focuses on the Company\'s operations done through its international Websites. It serves developers and enterprises through Amazon Web Services (AWS). It serves authors and independent publishers with Kindle Direct Publishing.\r\n\r\nOfficial Blog: https://aws.amazon.com/blogs/aws/','Doing well (Jan 2016)','usd','United States','NASDAQ','cyclical',NULL,'2016-01-27 12:03:15','2016-09-06 09:41:38','','','http://www.amazon.com/','','','410 Terry Ave N\r\nSEATTLE, WA 98109-5210\r\nUnited States - Map\r\n+1-206-2661000 (Phone)\r\n+1-302-6365454 (Fax)',NULL,772.4400,'16:00 02-Sep-2016','2016-09-06 09:41:38',0.0000,0.0000,0.0000,0.0000,NULL,0.0000,0.0000,0.0000,0.0000,NULL),(78,' Aberdeen Asset Management','ADN','Aberdeen Asset Management PLC is United Kingdom-based asset management company. The Company manages assets for both institutional and retail clients. The company invests across the four main asset classes of equity, fixed income, property and alternative investment strategies. The Company operates in 23 countries. Its key clients include national and corporate pension funds, central banks and other investment institutions.','Support Cowes Week','gbp','United Kingdom','LSE','financials',NULL,'2016-02-12 10:25:14','2016-10-17 08:46:14','','','http://www.aberdeen-asset.com','','','10 Queens Terrace\r\nABERDEEN, AB10 1XL\r\nUnited Kingdom - Map\r\n+44-1224-631999 (Phone)\r\n+44-1224-647010 (Fax)',NULL,322.8000,'09:31 17-Oct-2016','2016-10-17 08:46:14',0.0000,0.0000,0.0000,0.0000,NULL,0.0000,0.0000,0.0000,0.0000,NULL),(79,'BG Group plc','BG','BG Group plc is a United Kingdom-based natural gas company. The Company has a portfolio of business interests focused on gas and oil exploration and production and on liquefied natural gas (LNG). It has two business segments: Upstream, which includes exploration and production and liquefaction, and LNG Shipping & Marketing, which combines the development and use of LNG import facilities with the purchase, shipping and sale of LNG and re-gasified natural gas. The Company\'s remaining Transmission and Distribution businesses, principally Mahanagar Gas Limited in India, and certain corporate activities are included in the Other activities segment. The Upstream business segment covers exploration and production activities plus liquefaction operations associated with integrated LNG projects. The LNG Shipping & Marketing segment covers activities, including purchases, ships, markets and sells LNG, as well as the Company\'s interests and capacity in re-gasification facilities.','Being bought by Royal Dutch Shell (2015/15)','gbp','United Kingdom','LSE','energy',NULL,'2016-02-13 11:57:42','2016-02-13 11:57:42','','','http://www.bg-group.com','','','100 Thames Valley Park Drive\r\nREADING, RG6 1PT\r\nUnited Kingdom - Map\r\n+44-118-9353222 (Phone)\r\n+44-118-9353484 (Fax)',NULL,1062.0000,'16:35 12-Feb-2016','2016-02-13 11:57:42',0.0000,0.0000,0.0000,0.0000,NULL,0.0000,0.0000,0.0000,0.0000,NULL);
/*!40000 ALTER TABLE `companies` ENABLE KEYS */;
UNLOCK TABLES;

--
-- Table structure for table `holdings`
--

DROP TABLE IF EXISTS `holdings`;
/*!40101 SET @saved_cs_client     = @@character_set_client */;
/*!40101 SET character_set_client = utf8 */;
CREATE TABLE `holdings` (
  `id` int(11) NOT NULL AUTO_INCREMENT,
  `company_id` int(11) DEFAULT NULL,
  `book_value` decimal(10,4) DEFAULT NULL,
  `opened_at` date DEFAULT NULL,
  `closed_at` date DEFAULT NULL,
  `created_at` datetime DEFAULT NULL,
  `updated_at` datetime DEFAULT NULL,
  `name` varchar(255) COLLATE utf8_unicode_ci DEFAULT NULL,
  `description` varchar(255) COLLATE utf8_unicode_ci DEFAULT NULL,
  `expense` decimal(10,4) DEFAULT NULL,
  `income` decimal(10,4) DEFAULT NULL,
  `user_id` int(11) DEFAULT NULL,
  `portfolio_id` int(11) DEFAULT NULL,
  PRIMARY KEY (`id`)
) ENGINE=InnoDB AUTO_INCREMENT=20 DEFAULT CHARSET=utf8 COLLATE=utf8_unicode_ci;
/*!40101 SET character_set_client = @saved_cs_client */;

--
-- Dumping data for table `holdings`
--

LOCK TABLES `holdings` WRITE;
/*!40000 ALTER TABLE `holdings` DISABLE KEYS */;
INSERT INTO `holdings` VALUES (1,44,74.4000,'2015-08-21','2015-08-20','2015-10-12 21:58:47','2016-09-21 12:13:23','Royal Dutch Shell B v2',NULL,461.1200,36.1900,1,2),(2,1,-47.5600,'2012-10-26','2015-04-14','2015-10-13 10:55:46','2016-02-15 12:30:51','Tesco v1',NULL,230.3800,182.8200,1,1),(3,2,58.8900,'2012-10-26','2015-04-13','2015-10-13 13:10:45','2016-01-18 11:39:24','City of London v1',NULL,248.6900,307.5800,1,1),(4,11,638.0000,'2013-01-28','2015-04-13','2015-10-14 10:16:39','2016-01-21 09:42:59','Apple v1',NULL,596.3800,1234.3800,1,1),(5,8,67.9900,'2012-11-29','2015-04-13','2015-10-14 10:19:42','2015-12-02 10:18:31','Pentair v1',NULL,238.1000,306.0900,1,NULL),(6,3,197.0600,'2012-10-26','2015-03-11','2015-10-14 10:51:16','2015-12-02 16:08:06','Domino Printing v1',NULL,256.5300,453.5900,1,NULL),(7,4,140.4900,'2012-10-26','2015-04-13','2015-10-14 10:51:52','2015-12-17 09:40:48','XP Power v1',NULL,258.9500,399.4400,1,NULL),(8,5,-49.0200,'2012-11-07','2015-04-13','2015-10-14 10:52:28','2015-12-04 12:10:37','Standard Charted v1',NULL,249.7700,200.7500,1,NULL),(9,6,-18.5600,'2012-11-14','2015-04-13','2015-10-14 10:52:55','2016-02-11 11:59:51','Devro v1',NULL,231.5500,212.9900,1,1),(10,7,109.4800,'2012-11-20','2015-04-13','2015-10-14 10:53:41','2015-12-02 17:26:08','BrainJuicer Group v1',NULL,270.3700,379.8500,1,NULL),(11,51,-31.2900,'2014-12-11','2015-03-30','2015-11-09 08:34:53','2015-11-30 16:46:57','Iconix Blash Grp Inc (v.1)',NULL,420.2100,388.9200,1,NULL),(12,39,84.0800,'2014-10-07','2015-08-17','2015-11-24 11:37:48','2015-11-30 17:15:31','Silver Standard Resources Inc. (v.1)',NULL,402.8400,486.9200,1,NULL),(13,18,-151.0900,'2013-05-02','2015-04-14','2015-11-27 14:55:51','2015-11-27 14:59:36','Imagination Technologies v1',NULL,339.3100,188.2200,1,NULL),(14,9,97.5000,'2013-01-14','2015-04-13','2015-12-02 11:01:29','2015-12-02 11:10:13','Berkeley Group Holdings v1',NULL,231.5400,329.0400,1,NULL),(15,13,184.0600,'2013-03-07','2015-04-13','2015-12-11 13:27:56','2015-12-11 14:46:05','VSLink v1',NULL,367.4600,551.5200,1,NULL),(16,24,-151.8000,'2013-10-29','2015-04-14','2015-12-17 10:42:39','2016-01-20 09:32:27','Genel Energy v1',NULL,326.0200,174.2200,1,1),(17,12,56.3500,'2013-02-11','2015-04-13','2016-01-19 09:30:29','2016-01-19 10:58:05','Unilever v1',NULL,314.6900,371.0400,1,1),(18,15,95.3100,'2013-04-05','2015-04-13','2016-02-11 10:16:29','2016-02-11 11:05:19','ARM v1',NULL,337.5400,432.8500,1,1),(19,14,2.6100,'2013-03-21','2015-04-13','2016-02-11 12:45:23','2016-02-15 15:45:10','Debenhams - DEB v1',NULL,349.9100,352.5200,1,1);
/*!40000 ALTER TABLE `holdings` ENABLE KEYS */;
UNLOCK TABLES;

--
-- Table structure for table `portfolios`
--

DROP TABLE IF EXISTS `portfolios`;
/*!40101 SET @saved_cs_client     = @@character_set_client */;
/*!40101 SET character_set_client = utf8 */;
CREATE TABLE `portfolios` (
  `id` int(11) NOT NULL AUTO_INCREMENT,
  `name` varchar(255) DEFAULT NULL,
  `description` text,
  `user_id` int(11) DEFAULT NULL,
  `book_cost` decimal(10,4) DEFAULT NULL,
  `mkt_value` decimal(10,4) DEFAULT NULL,
  `created_at` datetime DEFAULT NULL,
  `updated_at` datetime DEFAULT NULL,
  PRIMARY KEY (`id`)
) ENGINE=InnoDB AUTO_INCREMENT=3 DEFAULT CHARSET=latin1;
/*!40101 SET character_set_client = @saved_cs_client */;

--
-- Dumping data for table `portfolios`
--

LOCK TABLES `portfolios` WRITE;
/*!40000 ALTER TABLE `portfolios` DISABLE KEYS */;
INSERT INTO `portfolios` VALUES (1,'Basic 1st Portfolio','The one Base2Trade stole',1,633.2400,2473.7174,'2016-01-15 17:23:32','2016-02-15 16:35:49'),(2,'New Brush 2015','New portfolio with a very slow start after being ripped-off.',1,-451.1900,464.6200,'2016-01-18 11:10:44','2016-04-13 07:50:56');
/*!40000 ALTER TABLE `portfolios` ENABLE KEYS */;
UNLOCK TABLES;

--
-- Table structure for table `schema_migrations`
--

DROP TABLE IF EXISTS `schema_migrations`;
/*!40101 SET @saved_cs_client     = @@character_set_client */;
/*!40101 SET character_set_client = utf8 */;
CREATE TABLE `schema_migrations` (
  `version` varchar(255) COLLATE utf8_unicode_ci NOT NULL,
  UNIQUE KEY `unique_schema_migrations` (`version`)
) ENGINE=InnoDB DEFAULT CHARSET=utf8 COLLATE=utf8_unicode_ci;
/*!40101 SET character_set_client = @saved_cs_client */;

--
-- Dumping data for table `schema_migrations`
--

LOCK TABLES `schema_migrations` WRITE;
/*!40000 ALTER TABLE `schema_migrations` DISABLE KEYS */;
INSERT INTO `schema_migrations` VALUES ('20140304142059'),('20140306085041'),('20140319085645'),('20140604140430'),('20150410084842'),('20151013133946'),('20151201105430'),('20160114100942');
/*!40000 ALTER TABLE `schema_migrations` ENABLE KEYS */;
UNLOCK TABLES;

--
-- Table structure for table `transactions`
--

DROP TABLE IF EXISTS `transactions`;
/*!40101 SET @saved_cs_client     = @@character_set_client */;
/*!40101 SET character_set_client = utf8 */;
CREATE TABLE `transactions` (
  `id` int(11) NOT NULL AUTO_INCREMENT,
  `trans_type` varchar(255) COLLATE utf8_unicode_ci DEFAULT NULL,
  `trans_date` date DEFAULT NULL,
  `company_id` int(11) DEFAULT NULL,
  `quantity` int(11) DEFAULT NULL,
  `price` decimal(10,4) DEFAULT NULL,
  `consideration` decimal(10,4) DEFAULT NULL,
  `commission` decimal(10,4) DEFAULT NULL,
  `stamp_duty` decimal(10,4) DEFAULT NULL,
  `PTM_levy` decimal(10,4) DEFAULT NULL,
  `bargin_ref` varchar(255) COLLATE utf8_unicode_ci DEFAULT NULL,
  `buy_limit` decimal(10,4) DEFAULT NULL,
  `currency` varchar(255) COLLATE utf8_unicode_ci DEFAULT NULL,
  `x_rate` decimal(10,6) DEFAULT NULL,
  `ex_div_date` date DEFAULT NULL,
  `payment_date` date DEFAULT NULL,
  `issue_date` date DEFAULT NULL,
  `div_price` decimal(10,4) DEFAULT NULL,
  `div_net_total` decimal(10,4) DEFAULT NULL,
  `person` text COLLATE utf8_unicode_ci,
  `user_id` int(11) DEFAULT NULL,
  `created_at` datetime DEFAULT NULL,
  `updated_at` datetime DEFAULT NULL,
  `holding_id` int(11) DEFAULT NULL,
  `div_tax_rate` decimal(10,4) DEFAULT '0.0000',
  `div_tax_credit` decimal(10,4) DEFAULT '0.0000',
  `div_gross` decimal(10,4) DEFAULT '0.0000',
  `target_price` decimal(10,4) DEFAULT '0.0000',
  `stop_price` decimal(10,4) DEFAULT '0.0000',
  PRIMARY KEY (`id`)
) ENGINE=InnoDB AUTO_INCREMENT=137 DEFAULT CHARSET=utf8 COLLATE=utf8_unicode_ci;
/*!40101 SET character_set_client = @saved_cs_client */;

--
-- Dumping data for table `transactions`
--

LOCK TABLES `transactions` WRITE;
/*!40000 ALTER TABLE `transactions` DISABLE KEYS */;
INSERT INTO `transactions` VALUES (1,'buy','2012-10-26',1,65,315.1780,204.8700,10.0000,1.0200,0.0000,'20N1V3YA',360.0000,'gbp',NULL,'2014-03-25','2014-03-25','2014-03-25',NULL,NULL,'',1,'2014-03-25 12:27:45','2015-10-13 10:57:54',2,0.0000,0.0000,0.0000,0.0000,0.0000),(2,'dividend','2013-07-04',1,65,NULL,NULL,NULL,NULL,NULL,'',NULL,'gbp',NULL,'2013-04-24','2013-07-05','2013-07-04',0.1000,6.5800,'',1,'2014-09-30 12:20:07','2015-10-13 11:04:11',2,0.0000,0.0000,0.0000,0.0000,0.0000),(3,'dividend','2013-12-19',1,66,NULL,NULL,NULL,NULL,NULL,'',NULL,'gbp',NULL,'2013-10-09','2013-12-20','2013-12-19',0.0463,3.0600,'',1,'2014-09-30 12:22:53','2015-10-13 11:04:58',2,0.0000,0.0000,0.0000,0.0000,0.0000),(4,'dividend','2014-07-03',1,66,NULL,NULL,NULL,NULL,NULL,'',NULL,'gbp',NULL,'2014-04-30','2014-07-04','2014-07-03',0.1013,6.6900,'',1,'2014-09-30 12:24:54','2015-10-13 11:09:02',2,0.0000,0.0000,0.0000,0.0000,0.0000),(5,'buy','2013-07-05',1,1,343.5000,3.4400,0.0700,0.0200,0.0000,'20PHFYBA',315.0000,'gbp',NULL,'2014-09-30','2014-09-30','2014-09-30',NULL,NULL,'',1,'2014-09-30 12:27:10','2015-10-13 11:04:23',2,0.0000,0.0000,0.0000,0.0000,0.0000),(6,'buy','2014-07-07',1,2,290.6000,5.8100,0.1200,0.0300,0.0000,'20S4GDYA',315.0000,'gbp',NULL,'2014-09-30','2014-09-30','2014-09-30',NULL,NULL,'',1,'2014-09-30 12:33:24','2015-10-13 11:09:22',2,0.0000,0.0000,0.0000,0.0000,0.0000),(7,'dividend','2014-12-18',1,68,NULL,NULL,NULL,NULL,NULL,'',NULL,'gbp',NULL,'2014-10-30','2014-12-19','2014-12-18',0.0116,0.7900,'',1,'2015-02-18 15:27:32','2015-10-13 11:11:03',2,0.0000,0.0000,0.0000,0.0000,0.0000),(8,'buy','2012-10-26',2,65,298.8500,194.2500,10.0000,0.9700,0.0000,'20N1V5JA',360.0000,'gbp',NULL,'2015-02-18','2015-02-18','2015-02-18',NULL,NULL,'',1,'2015-02-18 15:31:17','2015-10-13 13:11:04',3,0.0000,0.0000,0.0000,0.0000,0.0000),(9,'buy','2012-10-26',3,45,530.9652,238.9300,10.0000,1.1900,NULL,'20N1V6FA',550.0000,'gbp',NULL,'2015-02-18','2015-02-18','2015-02-18',NULL,NULL,'',1,'2015-02-18 16:47:22','2015-10-14 10:56:29',6,0.0000,0.0000,0.0000,0.0000,0.0000),(10,'buy','2012-10-26',4,25,975.8000,243.9500,10.0000,0.0000,0.0000,'20N1V88A',970.0000,'gbp',NULL,'2015-02-18','2015-02-18','2015-02-18',NULL,NULL,'',1,'2015-02-18 16:55:30','2015-10-14 10:56:42',7,0.0000,0.0000,0.0000,0.0000,0.0000),(11,'buy','2012-11-07',5,16,1455.9500,232.9500,10.0000,1.1600,NULL,'20N3QY4A',1400.0000,'gbp',NULL,'2015-02-18','2015-02-18','2015-02-18',NULL,NULL,'',1,'2015-02-18 17:04:03','2015-10-14 10:56:57',8,0.0000,0.0000,0.0000,0.0000,0.0000),(12,'buy','2012-11-14',6,66,314.7400,207.7300,10.0000,1.0400,0.0000,'20N4MVDA',315.0000,'gbp',NULL,'2015-02-18','2015-02-18','2015-02-18',NULL,NULL,'',1,'2015-02-18 17:07:01','2015-10-14 11:22:53',9,0.0000,0.0000,0.0000,0.0000,0.0000),(13,'dividend','2012-12-28',2,65,NULL,NULL,NULL,NULL,NULL,'',NULL,'gbp',NULL,'2012-12-12','2012-12-12','2012-12-12',0.0800,5.2000,'',1,'2015-02-18 17:10:18','2015-12-02 15:49:00',3,10.0000,0.5800,5.7800,0.0000,0.0000),(14,'buy','2012-11-20',7,85,269.4000,228.9900,10.0000,1.1400,0.0000,'',330.0000,'gbp',NULL,'2015-04-02','2015-04-02','2015-04-02',NULL,NULL,'',1,'2015-04-02 15:27:54','2015-10-23 10:24:17',10,0.0000,0.0000,0.0000,0.0000,0.0000),(15,'buy','2012-11-29',8,7,48.9100,215.6000,17.5000,0.0000,0.0000,'20N72QQ',52.0000,'usd',1.588000,'2015-04-02','2015-04-02','2015-04-02',NULL,NULL,'',1,'2015-04-02 15:31:12','2015-10-14 10:19:58',5,0.0000,0.0000,0.0000,0.0000,0.0000),(16,'buy','2012-12-31',2,2,243.0000,4.8600,0.1000,0.0200,0.0000,'20NCR9FA',250.0000,'gbp',NULL,'2015-05-07','2015-05-07','2015-05-07',NULL,NULL,'',1,'2015-05-07 13:52:20','2015-10-13 13:33:31',3,0.0000,0.0000,0.0000,0.0000,0.0000),(17,'buy','2015-08-21',44,26,1738.5000,452.0100,5.0000,2.2600,NULL,'20VYVB7A',1900.0000,'gbp',NULL,'2015-09-19','2015-09-19','2015-09-19',NULL,NULL,'',1,'2015-09-19 07:04:58','2015-10-12 22:00:54',1,0.0000,0.0000,0.0000,0.0000,0.0000),(18,'dividend','2015-03-06',2,76,NULL,NULL,NULL,NULL,NULL,'',NULL,'gbp',NULL,'2015-02-19','2015-03-06','2015-03-06',0.0800,6.0800,'',1,'2015-10-13 19:46:37','2015-12-02 16:00:03',3,10.0000,0.6800,6.7600,0.0000,0.0000),(19,'sell','2015-04-13',2,77,342.6500,263.8400,5.0000,0.0000,0.0000,'20V2S97A',NULL,'gbp',NULL,'2015-10-13','2015-10-13','2015-10-13',NULL,NULL,'',1,'2015-10-13 19:51:53','2015-10-13 19:52:49',3,0.0000,0.0000,0.0000,0.0000,0.0000),(20,'buy','2013-01-28',11,2,446.3900,573.8800,17.5000,NULL,NULL,'20NJS6DA',480.0000,'usd',1.555700,'2015-10-14','2015-10-14','2015-10-14',NULL,NULL,'',1,'2015-10-14 10:16:05','2015-10-14 10:16:56',4,0.0000,0.0000,0.0000,0.0000,0.0000),(21,'sell','2015-04-13',8,7,62.7800,295.6900,5.0000,NULL,NULL,'20V2TQ0A',52.0000,'usd',1.486200,'2015-10-14','2015-10-14','2015-10-14',NULL,NULL,'',1,'2015-10-14 10:36:42','2015-10-14 10:36:42',5,0.0000,0.0000,0.0000,0.0000,0.0000),(22,'sell','2015-04-13',4,25,1452.7500,363.1900,5.0000,NULL,NULL,'20V2VDYA',970.0000,'gbp',NULL,'2015-10-14','2015-10-14','2015-10-14',NULL,NULL,'',1,'2015-10-14 11:35:39','2015-10-14 11:35:39',7,0.0000,0.0000,0.0000,0.0000,0.0000),(23,'sell','2015-04-14',1,68,243.6780,165.7000,5.0000,NULL,NULL,'20V2YQ1A',315.0000,'gbp',NULL,'2015-10-14','2015-10-14','2015-10-14',NULL,NULL,'',1,'2015-10-14 11:45:28','2015-10-14 11:45:28',2,0.0000,0.0000,0.0000,0.0000,0.0000),(24,'dividend','2013-10-25',2,67,NULL,NULL,NULL,NULL,NULL,'',NULL,'gbp',NULL,'2013-10-09','2013-10-25','2015-10-25',0.1600,10.7200,'',1,'2015-10-14 12:32:06','2015-12-02 15:24:48',3,10.0000,1.1900,11.9100,0.0000,0.0000),(25,'dividend','2014-02-28',2,71,NULL,NULL,NULL,NULL,NULL,'',NULL,'gbp',NULL,'2014-02-05','2014-02-28','2014-02-28',0.0800,5.6800,'',1,'2015-10-14 12:33:57','2015-12-02 15:53:30',3,10.0000,0.6300,6.3100,0.0000,0.0000),(26,'dividend','2014-10-31',2,73,NULL,NULL,NULL,NULL,NULL,'',NULL,'gbp',NULL,'2014-10-09','2014-10-31','2014-10-31',0.1600,11.6800,'',1,'2015-10-14 12:35:16','2015-12-02 15:56:44',3,10.0000,1.3000,12.9800,0.0000,0.0000),(27,'dividend','2013-02-14',8,7,NULL,NULL,NULL,NULL,NULL,'',NULL,'usd',NULL,'2013-01-23','2013-02-08','2013-02-14',0.2300,1.0300,'',1,'2015-10-14 12:38:36','2015-10-15 15:16:12',5,0.0000,0.0000,0.0000,0.0000,0.0000),(28,'dividend','2013-05-14',8,7,NULL,NULL,NULL,NULL,NULL,'',NULL,'usd',1.547320,'2013-04-24','2013-05-10','2013-05-14',0.2300,1.0400,'',1,'2015-10-14 12:40:05','2015-12-02 10:18:31',5,0.0000,0.0000,1.6100,0.0000,0.0000),(29,'dividend','2013-08-09',8,7,NULL,NULL,NULL,NULL,NULL,'',NULL,'usd',1.571156,'2013-07-24','2013-08-09','2013-08-09',0.2500,1.1100,'',1,'2015-10-14 12:41:42','2015-10-15 15:16:44',5,0.0000,0.0000,0.0000,0.0000,0.0000),(30,'dividend','2013-11-08',8,7,NULL,NULL,NULL,NULL,NULL,'',NULL,'usd',1.625999,'2013-10-23','2013-11-08','2013-11-08',0.2500,1.0800,'',1,'2015-10-14 12:43:00','2015-10-15 15:16:58',5,0.0000,0.0000,0.0000,0.0000,0.0000),(31,'dividend','2014-02-10',8,7,NULL,NULL,NULL,NULL,NULL,'',NULL,'usd',1.639350,'2014-01-22','2014-02-07','2014-02-10',0.2500,1.0700,'',1,'2015-10-14 13:13:57','2015-10-15 15:15:53',5,0.0000,0.0000,0.0000,0.0000,0.0000),(32,'dividend','2014-05-12',8,7,NULL,NULL,NULL,NULL,NULL,'',NULL,'usd',1.683950,'2014-04-23','2014-05-09','2014-05-12',0.2500,1.0400,'',1,'2015-10-14 13:15:04','2015-10-15 15:17:35',5,0.0000,0.0000,0.0000,0.0000,0.0000),(33,'buy','2013-10-28',2,4,254.7500,10.1900,0.2000,0.0500,NULL,'20Q9DN7A',250.0000,'gbp',NULL,'2015-10-15','2015-10-15','2015-10-15',NULL,NULL,'',1,'2015-10-15 14:57:49','2015-10-15 14:57:49',3,0.0000,0.0000,0.0000,0.0000,0.0000),(34,'buy','2014-03-03',2,2,239.9400,4.8000,0.1000,0.0200,NULL,'20R6YK1A',250.0000,'gbp',NULL,'2015-10-15','2015-10-15','2015-10-15',NULL,NULL,'',1,'2015-10-15 15:00:10','2015-10-15 15:00:10',3,0.0000,0.0000,0.0000,0.0000,0.0000),(35,'buy','2014-11-03',2,3,333.0000,9.9900,0.2000,0.0500,NULL,'20SXKJLA',250.0000,'gbp',NULL,'2015-10-15','2015-10-15','2015-10-15',NULL,NULL,'',1,'2015-10-15 15:01:30','2015-10-15 15:01:30',3,0.0000,0.0000,0.0000,0.0000,0.0000),(36,'buy','2015-03-09',2,1,341.6750,3.4200,0.0700,0.0200,NULL,'20TV1GKA',247.0000,'gbp',NULL,'2015-10-15','2015-10-15','2015-10-15',NULL,NULL,'',1,'2015-10-15 15:02:48','2015-10-15 15:02:48',3,0.0000,0.0000,0.0000,0.0000,0.0000),(37,'sell','2015-03-11',3,45,947.0400,426.1700,5.0000,NULL,NULL,'20TVH14A',510.0000,'gbp',NULL,'2015-10-15','2015-10-15','2015-10-15',NULL,NULL,'',1,'2015-10-15 15:08:07','2015-10-15 15:08:07',6,0.0000,0.0000,0.0000,0.0000,0.0000),(38,'dividend','2014-08-11',8,7,NULL,NULL,NULL,NULL,NULL,'',NULL,'usd',1.679850,'2014-07-23','2014-08-08','2014-08-11',0.3000,1.2500,'',1,'2015-10-15 15:10:08','2015-10-15 15:14:11',5,0.0000,0.0000,0.0000,0.0000,0.0000),(39,'dividend','2014-11-07',8,7,NULL,NULL,NULL,NULL,NULL,'',NULL,'usd',1.590250,'2014-10-27','2014-11-07','2014-11-07',0.3000,1.3200,'',1,'2015-10-15 15:11:17','2015-10-15 15:18:25',5,0.0000,0.0000,0.0000,0.0000,0.0000),(40,'dividend','2015-02-13',8,7,NULL,NULL,NULL,NULL,NULL,'',NULL,'usd',1.536650,'2015-01-28','2015-02-13','2015-02-13',0.3200,1.4600,'',1,'2015-10-15 15:12:21','2015-10-15 15:18:44',5,0.0000,0.0000,0.0000,0.0000,0.0000),(41,'dividend','2013-04-09',3,45,NULL,NULL,NULL,NULL,NULL,'',NULL,'gbp',NULL,'2013-03-06','2013-04-09','2013-04-09',0.1339,6.0300,'',1,'2015-10-15 15:31:07','2015-12-02 09:17:15',6,10.0000,0.6700,6.7000,0.0000,0.0000),(42,'dividend','2013-08-16',3,45,NULL,NULL,NULL,NULL,NULL,'',NULL,'gbp',NULL,'2013-07-10','2013-08-16','2013-08-16',0.0800,3.4200,'',1,'2015-10-15 15:37:09','2015-10-15 15:37:09',6,0.0000,0.0000,0.0000,0.0000,0.0000),(43,'dividend','2014-04-11',3,45,NULL,NULL,NULL,NULL,NULL,'',NULL,'gbp',NULL,'2014-03-05','2014-04-11','2014-04-11',0.1406,6.3300,'',1,'2015-10-15 15:39:36','2015-10-15 15:39:36',6,0.0000,0.0000,0.0000,0.0000,0.0000),(44,'dividend','2014-08-15',3,45,NULL,NULL,NULL,NULL,NULL,'',NULL,'gbp',NULL,'2014-07-09','2014-08-11','2014-08-15',0.0798,3.5900,'',1,'2015-10-15 15:41:56','2015-10-15 15:41:56',6,0.0000,0.0000,0.0000,0.0000,0.0000),(45,'dividend','2015-04-10',3,45,NULL,NULL,NULL,NULL,NULL,'',NULL,'gbp',NULL,'2015-03-05','2015-04-10','2015-04-10',0.1476,6.6400,'',1,'2015-10-15 15:43:10','2015-12-02 16:08:05',6,10.0000,0.7400,7.3800,0.0000,0.0000),(46,'buy','2014-12-11',51,16,39.6600,410.2100,5.0000,0.0000,0.0000,'20T66YBA',40.0000,'usd',1.546900,'2015-11-09','2015-11-09','2015-11-09',NULL,NULL,'',1,'2015-11-09 08:33:31','2015-11-09 08:35:16',11,0.0000,0.0000,0.0000,0.0000,0.0000),(47,'sell','2015-03-30',51,16,36.5000,388.9200,5.0000,0.0000,0.0000,'20TZQY5A',40.0000,'usd',1.501600,'2015-11-09','2015-11-09','2015-11-09',NULL,NULL,'',1,'2015-11-09 08:38:15','2015-11-09 08:38:15',11,0.0000,0.0000,0.0000,0.0000,0.0000),(48,'sell','2015-04-13',11,14,127.9900,1206.0700,5.0000,0.0000,NULL,'',NULL,'usd',1.485700,'2015-11-23','2015-11-23','2015-11-23',NULL,NULL,'',1,'2015-11-23 15:19:33','2015-11-23 15:19:33',4,0.0000,0.0000,0.0000,0.0000,0.0000),(49,'buy','2014-10-07',39,115,5.4100,392.8400,5.0000,0.0000,0.0000,'20SRKBXA',NULL,'usd',1.583700,'2015-11-24','2015-11-24','2015-11-24',NULL,NULL,'',1,'2015-11-24 11:39:44','2015-11-24 11:39:44',12,0.0000,0.0000,0.0000,0.0000,0.0000),(50,'sell','2015-08-17',39,115,6.7000,486.9200,5.0000,0.0000,0.0000,'20VY3R8A',NULL,'usd',1.582400,'2015-11-24','2015-11-24','2015-11-24',NULL,NULL,'',1,'2015-11-24 11:41:40','2015-11-24 11:41:40',12,0.0000,0.0000,0.0000,0.0000,0.0000),(51,'sell','2015-04-13',5,16,1107.1330,177.1400,5.0000,0.0000,0.0000,'20V2SKXA',1400.0000,'gbp',NULL,'2015-11-24','2015-11-24','2015-11-24',NULL,NULL,'',1,'2015-11-24 12:29:29','2015-11-24 12:29:29',8,0.0000,0.0000,0.0000,0.0000,0.0000),(52,'dividend','2013-05-14',5,16,NULL,NULL,NULL,NULL,NULL,'',NULL,'gbp',NULL,'2013-03-13','2013-05-14','2014-05-14',0.3656,5.8500,'',1,'2015-11-24 12:35:07','2015-11-24 12:35:07',8,0.0000,0.0000,0.0000,0.0000,0.0000),(53,'dividend','2013-10-17',5,16,NULL,NULL,NULL,NULL,NULL,'',NULL,'gbp',NULL,'2013-08-14','2013-10-17','2013-10-17',0.1789,2.8600,'',1,'2015-11-24 12:36:37','2015-11-24 12:36:37',8,0.0000,0.0000,0.0000,0.0000,0.0000),(54,'dividend','2014-05-14',5,16,NULL,NULL,NULL,NULL,NULL,'',NULL,'gbp',NULL,'2014-03-12','2014-05-14','2014-05-14',0.3392,5.4300,'',1,'2015-11-24 12:38:02','2015-11-24 12:38:02',8,0.0000,0.0000,0.0000,0.0000,0.0000),(55,'dividend','2014-10-12',5,16,NULL,NULL,NULL,NULL,NULL,'',NULL,'gbp',NULL,'2014-08-13','2014-10-20','2014-10-20',0.1789,2.8600,'',1,'2015-11-24 12:39:24','2015-11-24 12:39:24',8,0.0000,0.0000,0.0000,0.0000,0.0000),(56,'dividend','2015-05-14',5,16,NULL,NULL,NULL,NULL,NULL,'',NULL,'gbp',NULL,'2015-03-12','2015-05-14','2015-05-14',0.3716,5.9500,'',1,'2015-11-24 12:40:28','2015-12-02 16:13:29',8,10.0000,0.6600,6.6100,0.0000,0.0000),(57,'buy','2013-05-14',18,96,346.5100,332.6500,5.0000,1.6600,0.0000,'20P31Q7A',270.0000,'gbp',NULL,'2015-11-27','2015-11-27','2015-11-27',NULL,NULL,'',1,'2015-11-27 14:58:37','2015-11-27 14:58:37',13,0.0000,0.0000,0.0000,0.0000,0.0000),(58,'sell','2015-04-14',18,96,201.2750,193.2200,5.0000,NULL,NULL,'20V2YW1A',NULL,'gbp',NULL,'2015-11-27','2015-11-27','2015-11-27',NULL,NULL,'',1,'2015-11-27 14:59:36','2015-11-27 14:59:36',13,0.0000,0.0000,0.0000,0.0000,0.0000),(59,'dividend','2013-04-10',4,25,NULL,NULL,NULL,NULL,NULL,'',NULL,'gbp',NULL,'2013-03-13','2013-04-10','2013-04-10',0.1700,4.2500,'',1,'2015-12-02 10:47:16','2015-12-02 10:47:16',7,0.0000,0.0000,4.2500,0.0000,0.0000),(60,'buy','2013-01-14',9,12,1793.8500,215.2600,10.0000,1.0800,0.0000,'20NG7QZA',NULL,'gbp',NULL,'2015-12-02','2015-12-02','2015-12-02',NULL,NULL,'',1,'2015-12-02 11:02:55','2015-12-02 11:03:35',14,0.0000,0.0000,0.0000,0.0000,0.0000),(61,'sell','2015-04-13',9,12,2725.3100,327.0400,5.0000,0.0000,0.0000,'20V2QZ2A',NULL,'gbp',NULL,'2015-12-02','2015-12-02','2015-12-02',NULL,NULL,'',1,'2015-12-02 11:04:44','2015-12-02 11:04:44',14,0.0000,0.0000,0.0000,0.0000,0.0000),(62,'dividend','2013-04-19',9,12,NULL,NULL,NULL,NULL,NULL,'',NULL,'gbp',NULL,'2013-03-20','2013-04-19','2013-04-19',0.1500,1.8000,'',1,'2015-12-02 11:10:13','2015-12-02 11:10:13',14,10.0000,0.2000,2.0000,0.0000,0.0000),(63,'dividend','2015-04-10',4,25,NULL,NULL,NULL,NULL,NULL,'',NULL,'gbp',NULL,'2015-03-12','2015-04-09','2015-04-10',0.2200,5.5000,'',1,'2015-12-02 16:06:46','2015-12-02 16:06:46',7,0.0000,0.0000,5.5000,0.0000,0.0000),(64,'dividend','2015-05-12',7,91,NULL,NULL,NULL,NULL,NULL,'',NULL,'gbp',NULL,'2015-04-02','2015-05-12','2015-05-12',0.0330,3.0000,'',1,'2015-12-02 16:10:18','2015-12-02 16:11:25',10,10.0000,0.3300,3.3300,0.0000,0.0000),(65,'dividend','2015-05-15',6,68,NULL,NULL,NULL,NULL,NULL,'',NULL,'gbp',NULL,'2015-03-26','2015-05-15','2015-05-15',0.0610,4.1500,'',1,'2015-12-02 16:16:16','2015-12-02 16:16:16',9,10.0000,0.4600,4.6100,0.0000,0.0000),(66,'buy','2013-10-25',7,3,295.0000,8.8500,0.1800,0.0400,0.0000,'20Q9138A',210.0000,'gbp',NULL,'2015-12-02','2015-12-02','2015-12-02',NULL,NULL,'',1,'2015-12-02 16:57:45','2015-12-02 16:57:45',10,0.0000,0.0000,0.0000,0.0000,0.0000),(67,'buy','2014-05-15',7,3,419.5470,12.5900,0.2500,0.0000,0.0000,'20RQYB8A',440.0000,'gbp',NULL,'2015-12-02','2015-12-02','2015-12-02',NULL,NULL,'',1,'2015-12-02 16:59:24','2015-12-02 16:59:24',10,0.0000,0.0000,0.0000,0.0000,0.0000),(68,'sell','2015-04-13',7,91,380.8000,346.5300,5.0000,0.0000,0.0000,'20V2QQ1A',NULL,'gbp',NULL,'2015-12-02','2015-12-02','2015-12-02',NULL,NULL,'',1,'2015-12-02 17:01:44','2015-12-02 17:01:44',10,0.0000,0.0000,0.0000,0.0000,0.0000),(69,'dividend','2013-06-28',7,85,NULL,NULL,NULL,NULL,NULL,'',NULL,'gbp',NULL,'2013-05-29','2013-06-28','2013-06-28',0.0225,1.9100,'',1,'2015-12-02 17:06:39','2015-12-02 17:08:53',10,10.0000,0.2100,2.1200,0.0000,0.0000),(70,'dividend','2014-05-14',7,88,NULL,NULL,NULL,NULL,NULL,'',NULL,'gbp',NULL,'2014-04-16','2014-05-14','2014-05-14',0.1500,13.2000,'',1,'2015-12-02 17:13:00','2015-12-02 17:13:00',10,10.0000,1.4700,14.6700,0.0000,0.0000),(71,'dividend','2014-11-12',7,91,NULL,NULL,NULL,NULL,NULL,'',NULL,'gbp',NULL,'2014-10-01','2014-11-12','2014-11-12',0.0100,0.9100,'',1,'2015-12-02 17:15:49','2015-12-02 17:15:49',10,10.0000,0.1000,1.0100,0.0000,0.0000),(72,'dividend','2013-10-24',7,85,NULL,NULL,NULL,NULL,NULL,'',NULL,'gbp',NULL,'2013-10-02','2013-10-24','2013-10-24',0.1290,10.9700,'',1,'2015-12-02 17:20:16','2015-12-02 17:22:39',10,10.0000,1.2200,12.1900,0.0000,0.0000),(73,'buy','2013-05-07',6,1,333.7330,3.4300,0.0700,0.0200,0.0000,'20P3HYJA',360.0000,'gbp',NULL,'2015-12-04','2015-12-04','2015-12-04',NULL,NULL,'',1,'2015-12-04 12:14:52','2015-12-04 12:14:52',9,0.0000,0.0000,0.0000,0.0000,0.0000),(74,'buy','2014-05-19',6,1,245.9250,2.4600,0.0500,0.0100,0.0000,'20RRS96A',257.0000,'gbp',NULL,'2015-12-04','2015-12-04','2015-12-04',NULL,NULL,'',1,'2015-12-04 12:16:04','2015-12-04 12:16:04',9,0.0000,0.0000,0.0000,0.0000,0.0000),(75,'sell','2015-04-13',6,68,287.5000,195.5000,5.0000,0.0000,0.0000,'20V2RKLA',NULL,'gbp',NULL,'2015-12-04','2015-12-04','2015-12-04',NULL,NULL,'',1,'2015-12-04 12:17:22','2015-12-04 12:17:22',9,0.0000,0.0000,0.0000,0.0000,0.0000),(76,'dividend','2013-02-18',11,2,NULL,NULL,NULL,NULL,NULL,'',NULL,'gbp',NULL,'2013-02-20','2013-02-07','2013-02-18',2.6500,2.3700,'',1,'2015-12-07 11:31:09','2015-12-07 11:31:09',4,0.0000,0.0000,0.0000,0.0000,0.0000),(77,'dividend','2013-05-17',11,2,NULL,NULL,NULL,NULL,NULL,'',NULL,'gbp',NULL,'2013-05-09','2013-05-16','2013-05-17',3.0500,2.7700,'',1,'2015-12-07 11:33:02','2015-12-07 11:33:02',4,0.0000,0.0000,0.0000,0.0000,0.0000),(78,'dividend','2013-08-19',11,2,NULL,NULL,NULL,NULL,NULL,'',NULL,'gbp',NULL,'2013-08-08','2013-08-15','2013-08-19',3.0500,2.7100,'',1,'2015-12-07 11:34:10','2015-12-07 11:34:10',4,0.0000,0.0000,0.0000,0.0000,0.0000),(79,'dividend','2013-11-20',11,2,NULL,NULL,NULL,NULL,NULL,'',NULL,'gbp',NULL,'2013-11-06','2013-11-14','2013-11-20',3.0500,3.1900,'',1,'2015-12-07 11:35:19','2015-12-07 11:35:19',4,0.0000,0.0000,0.0000,0.0000,0.0000),(80,'dividend','2014-02-14',11,2,NULL,NULL,NULL,NULL,NULL,'',NULL,'gbp',NULL,'2014-02-06','2014-02-13','2014-02-14',3.0500,3.1200,'',1,'2015-12-07 11:36:37','2015-12-07 11:36:37',4,0.0000,0.0000,0.0000,0.0000,0.0000),(81,'dividend','2014-05-21',11,2,NULL,NULL,NULL,NULL,NULL,'',NULL,'gbp',NULL,'2014-05-08','2014-05-16','2014-05-21',3.2900,3.3200,'',1,'2015-12-07 11:37:57','2015-12-07 11:37:57',4,0.0000,0.0000,0.0000,0.0000,0.0000),(82,'dividend','2014-08-20',11,14,NULL,NULL,NULL,NULL,NULL,'',NULL,'gbp',NULL,'2014-08-07','2014-08-14','2014-08-20',0.4700,3.6300,'',1,'2015-12-07 17:35:06','2015-12-07 17:35:06',4,0.0000,0.0000,0.0000,0.0000,0.0000),(83,'dividend','2014-11-18',11,14,NULL,NULL,NULL,NULL,NULL,'',NULL,'gbp',NULL,'2014-11-06','2014-11-13','2014-11-18',0.4700,3.5700,'',1,'2015-12-08 11:11:10','2015-12-08 11:12:41',4,0.0000,0.0000,0.0000,0.0000,0.0000),(84,'dividend','2015-02-17',11,14,NULL,NULL,NULL,NULL,NULL,'',NULL,'gbp',NULL,'2015-02-05','2015-02-12','2015-02-17',0.4700,3.6300,'',1,'2015-12-08 11:12:22','2015-12-08 11:12:22',4,0.0000,0.0000,0.0000,0.0000,0.0000),(85,'buy','2013-03-07',13,1000,32.8000,328.0000,5.0000,1.6400,0.0000,'20NSDSJA',NULL,'gbp',NULL,NULL,NULL,NULL,NULL,NULL,'',1,'2015-12-11 13:36:00','2015-12-11 13:36:00',15,0.0000,0.0000,0.0000,0.0000,0.0000),(86,'buy','2013-07-23',13,33,36.0250,11.8900,0.2400,0.0600,0.0000,'20PM1HQA',NULL,'gbp',NULL,NULL,NULL,NULL,NULL,NULL,'',1,'2015-12-11 14:18:53','2015-12-11 14:18:53',15,0.0000,0.0000,0.0000,0.0000,0.0000),(87,'buy','2014-07-21',13,28,44.8400,12.5600,0.2500,0.0000,0.0000,'20S6TW2A',NULL,'gbp',NULL,NULL,NULL,NULL,NULL,NULL,'',1,'2015-12-11 14:19:57','2015-12-11 14:19:57',15,0.0000,0.0000,0.0000,0.0000,0.0000),(88,'sell','2015-04-13',13,1061,49.3200,523.2900,5.0000,0.0000,0.0000,'20V2V2JA',NULL,'gbp',NULL,NULL,NULL,NULL,NULL,NULL,'',1,'2015-12-11 14:20:55','2015-12-11 14:20:55',15,0.0000,0.0000,0.0000,0.0000,0.0000),(89,'dividend','2013-07-19',13,1000,NULL,NULL,NULL,NULL,NULL,'',NULL,'gbp',NULL,'2013-06-26','2013-07-19','2013-07-19',0.0125,12.5000,'',1,'2015-12-11 14:27:59','2015-12-11 14:44:48',15,10.0000,1.3900,13.8900,0.0000,0.0000),(90,'dividend','2014-07-18',13,1033,NULL,NULL,NULL,NULL,NULL,'',NULL,'gbp',NULL,'2014-06-25','2014-07-18','2014-07-18',0.0125,12.9100,'',1,'2015-12-11 14:29:23','2015-12-11 14:46:05',15,10.0000,1.4300,14.3400,0.0000,0.0000),(91,'dividend','2013-01-10',4,25,NULL,NULL,NULL,NULL,NULL,'',NULL,'gbp',NULL,'2013-12-12','2013-01-10','2013-01-10',0.1200,3.0000,'',1,'2015-12-17 09:30:10','2015-12-17 09:30:10',7,0.0000,0.0000,3.0000,0.0000,0.0000),(92,'dividend','2013-07-10',4,25,NULL,NULL,NULL,NULL,NULL,'',NULL,'gbp',NULL,'2013-06-12','2013-07-10','2013-07-10',0.1100,2.7500,'',1,'2015-12-17 09:32:07','2015-12-17 09:32:07',7,0.0000,0.0000,2.7500,0.0000,0.0000),(93,'dividend','2013-10-10',4,25,NULL,NULL,NULL,NULL,NULL,'',NULL,'gbp',NULL,'2013-09-04','2013-10-10','2013-10-10',0.1200,3.0000,'',1,'2015-12-17 09:33:23','2015-12-17 09:33:23',7,0.0000,0.0000,3.0000,0.0000,0.0000),(94,'dividend','2014-01-10',4,25,NULL,NULL,NULL,NULL,NULL,'',NULL,'gbp',NULL,'2013-12-11','2014-01-10','2014-01-10',0.1300,3.2500,'',1,'2015-12-17 09:35:24','2015-12-17 09:35:24',7,0.0000,0.0000,3.2500,0.0000,0.0000),(95,'dividend','2014-04-10',4,25,NULL,NULL,NULL,NULL,NULL,'',NULL,'gbp',NULL,'2014-03-12','2014-04-10','2014-04-10',0.1900,4.7500,'',1,'2015-12-17 09:37:01','2015-12-17 09:37:01',7,0.0000,0.0000,4.7500,0.0000,0.0000),(96,'dividend','2014-07-10',4,25,NULL,NULL,NULL,NULL,NULL,'',NULL,'gbp',NULL,'2014-06-11','2014-07-10','2014-07-10',0.1200,3.0000,'',1,'2015-12-17 09:38:14','2015-12-17 09:38:14',7,0.0000,0.0000,3.0000,0.0000,0.0000),(97,'dividend','2014-10-10',4,25,NULL,NULL,NULL,NULL,NULL,'',NULL,'gbp',NULL,'2014-09-03','2014-10-10','2014-10-10',0.1300,3.2500,'',1,'2015-12-17 09:39:25','2015-12-17 09:39:25',7,0.0000,0.0000,3.2500,0.0000,0.0000),(98,'dividend','2015-01-13',4,25,NULL,NULL,NULL,NULL,NULL,'',NULL,'gbp',NULL,'2014-12-11','2015-01-09','2015-01-13',0.1400,3.5000,'',1,'2015-12-17 09:40:48','2015-12-17 09:40:48',7,0.0000,0.0000,3.5000,0.0000,0.0000),(99,'buy','2013-10-29',24,33,957.6480,316.0200,5.0000,0.0000,0.0000,'20Q9NYDA',NULL,'gbp',NULL,NULL,NULL,NULL,NULL,NULL,'',1,'2015-12-17 10:50:36','2015-12-17 10:50:36',16,0.0000,0.0000,0.0000,0.0000,0.0000),(100,'sell','2015-04-14',24,33,527.9500,174.2200,5.0000,0.0000,0.0000,'20V2XRGA',NULL,'gbp',NULL,NULL,NULL,NULL,NULL,NULL,'',1,'2015-12-17 10:51:41','2015-12-17 10:51:41',16,0.0000,0.0000,0.0000,0.0000,0.0000),(101,'dividend','2015-12-17',44,26,NULL,NULL,NULL,NULL,NULL,'',NULL,'gbp',NULL,'2015-11-12','2015-12-18','2015-12-17',0.1307,8.0800,'',1,'2015-12-24 23:39:04','2015-12-24 23:39:04',1,10.0000,0.9000,8.9800,0.0000,0.0000),(102,'buy','2013-02-11',12,12,2526.4317,303.1700,5.0000,1.5200,0.0000,'20NMVBVA',NULL,'gbp',NULL,NULL,NULL,NULL,NULL,NULL,'',1,'2016-01-19 10:08:04','2016-01-19 10:08:04',17,0.0000,0.0000,0.0000,0.0000,0.0000),(103,'sell','2015-04-13',12,12,2911.3500,349.3600,5.0000,0.0000,0.0000,'20V2RXMA',NULL,'gbp',NULL,NULL,NULL,NULL,NULL,NULL,'',1,'2016-01-19 10:09:07','2016-01-19 10:09:07',17,0.0000,0.0000,0.0000,0.0000,0.0000),(104,'dividend','2013-06-12',12,12,NULL,NULL,NULL,NULL,NULL,'',NULL,'gbp',NULL,'2013-05-08','2013-06-12','2013-06-12',0.2291,2.7500,'',1,'2016-01-19 10:14:20','2016-01-19 10:15:38',17,0.0000,0.0000,2.7500,0.0000,0.0000),(105,'dividend','2013-09-11',12,12,NULL,NULL,NULL,NULL,NULL,'',NULL,'gbp',NULL,'2013-08-07','2013-09-11','2013-09-11',0.2312,2.7000,'',1,'2016-01-19 10:18:26','2016-01-19 10:18:26',17,0.0000,0.0000,2.7700,0.0000,0.0000),(106,'dividend','2013-12-11',12,12,NULL,NULL,NULL,NULL,NULL,'',NULL,'gbp',NULL,'2013-11-06','2013-12-11','2013-12-11',0.2280,2.7400,'',1,'2016-01-19 10:20:28','2016-01-19 10:20:28',17,0.0000,0.0000,2.7400,0.0000,0.0000),(107,'dividend','2014-03-12',12,12,NULL,NULL,NULL,NULL,NULL,'',NULL,'gbp',NULL,'2014-02-05','2014-03-12','2014-03-12',0.2222,2.6700,'',1,'2016-01-19 10:22:26','2016-01-19 10:22:26',17,0.0000,0.0000,2.6700,0.0000,0.0000),(108,'dividend','2014-06-11',12,12,NULL,NULL,NULL,NULL,NULL,'',NULL,'gbp',NULL,'2014-05-07','2014-06-11','2014-06-11',0.2338,2.8100,'',1,'2016-01-19 10:54:08','2016-01-19 10:54:08',17,0.0000,0.0000,2.8100,0.0000,0.0000),(109,'dividend','2014-09-11',12,12,NULL,NULL,NULL,NULL,NULL,'',NULL,'gbp',NULL,'2014-08-06','2014-09-10','2014-09-10',0.2253,2.7000,'',1,'2016-01-19 10:55:41','2016-01-19 10:55:41',17,0.0000,0.0000,2.7000,0.0000,0.0000),(110,'dividend','2014-12-10',12,12,NULL,NULL,NULL,NULL,NULL,'',NULL,'gbp',NULL,'2014-11-06','2014-12-10','2014-12-10',0.2252,2.7000,'',1,'2016-01-19 10:56:55','2016-01-19 10:56:55',17,0.0000,0.0000,2.7000,0.0000,0.0000),(111,'dividend','2015-03-11',12,12,NULL,NULL,NULL,NULL,NULL,'',NULL,'gbp',NULL,'2015-02-05','2015-03-11','2015-03-11',0.2177,2.6100,'',1,'2016-01-19 10:58:05','2016-01-19 10:58:05',17,0.0000,0.0000,2.6100,0.0000,0.0000),(112,'buy','2013-04-05',15,37,880.8250,325.9100,5.0000,1.6300,0.0000,'20NYMS6A',NULL,'gbp',NULL,NULL,NULL,NULL,NULL,NULL,'',1,'2016-02-11 10:54:01','2016-02-11 10:54:01',18,0.0000,0.0000,0.0000,0.0000,0.0000),(113,'sell','2015-04-13',15,37,1164.0239,430.6900,5.0000,0.0000,0.0000,'20V2TGSA',NULL,'gbp',NULL,NULL,NULL,NULL,NULL,NULL,'',1,'2016-02-11 10:56:22','2016-02-11 10:56:22',18,0.0000,0.0000,0.0000,0.0000,0.0000),(114,'dividend','2013-05-17',15,37,NULL,NULL,NULL,NULL,NULL,'',NULL,'gbp',NULL,'2013-04-17','2013-05-17','2013-05-17',0.0283,1.0500,'',1,'2016-02-11 10:59:47','2016-02-11 10:59:47',18,0.0000,0.0000,1.0500,0.0000,0.0000),(115,'dividend','2013-10-07',15,37,NULL,NULL,NULL,NULL,NULL,'',NULL,'gbp',NULL,'2013-09-04','2013-10-04','2013-10-07',0.0210,0.7800,'',1,'2016-02-11 11:03:42','2016-02-11 11:03:42',18,0.0000,0.0000,0.7800,0.0000,0.0000),(116,'dividend','2014-05-16',15,37,NULL,NULL,NULL,NULL,NULL,'',NULL,'gbp',NULL,'2014-04-16','2014-05-16','2014-05-16',0.0360,0.3300,'',1,'2016-02-11 11:05:19','2016-02-11 11:05:19',18,0.0000,0.0000,1.3300,0.0000,0.0000),(119,'dividend','2014-10-07',15,37,NULL,NULL,NULL,NULL,NULL,'',NULL,'gbp',NULL,'2014-09-03','2014-10-03','2014-10-07',0.0252,0.9300,'',1,'2016-02-11 11:08:28','2016-02-11 11:08:28',18,0.0000,0.0000,0.9300,0.0000,0.0000),(120,'dividend','2013-05-03',6,66,NULL,NULL,NULL,NULL,NULL,'',NULL,'gbp',NULL,'2013-03-27','2013-05-03','2013-05-03',0.0585,3.8600,'',1,'2016-02-11 11:31:47','2016-02-11 11:59:51',9,10.0000,0.4300,4.2900,0.0000,0.0000),(121,'dividend','2013-10-07',6,67,NULL,NULL,NULL,NULL,NULL,'',NULL,'gbp',NULL,'2013-08-28','2013-10-04','2013-10-07',0.0270,1.8100,'',1,'2016-02-11 11:33:45','2016-02-11 11:56:40',9,10.0000,0.2000,2.0100,0.0000,0.0000),(122,'dividend','2014-05-16',6,67,NULL,NULL,NULL,NULL,NULL,'',NULL,'gbp',NULL,'2014-03-26','2014-05-16','2014-05-16',0.0610,4.0900,'',1,'2016-02-11 11:36:31','2016-02-11 11:58:03',9,10.0000,0.4500,4.5400,0.0000,0.0000),(123,'dividend','2014-10-03',6,68,NULL,NULL,NULL,NULL,NULL,'',NULL,'gbp',NULL,'2014-08-27','2014-10-03','2014-10-03',0.0270,1.8400,'',1,'2016-02-11 11:38:24','2016-02-11 11:59:01',9,10.0000,0.2000,2.0400,0.0000,0.0000),(124,'buy','2013-03-21',14,380,81.7890,310.8000,5.0000,1.5500,0.0000,'20NW3P6A',100.0000,'gbp',NULL,NULL,NULL,NULL,NULL,NULL,'',1,'2016-02-15 15:22:53','2016-02-15 15:22:53',19,0.0000,0.0000,0.0000,0.0000,0.0000),(125,'buy','2013-07-08',14,3,98.2500,2.9500,0.0600,0.0100,0.0000,'20PJ0SZA',100.0000,'gbp',NULL,NULL,NULL,NULL,NULL,NULL,'',1,'2016-02-15 15:25:32','2016-02-15 15:25:32',19,0.0000,0.0000,0.0000,0.0000,0.0000),(126,'buy','2014-01-13',14,10,84.9850,8.5000,0.1700,0.0400,0.0000,'20QTSZLA',100.0000,'gbp',NULL,NULL,NULL,NULL,NULL,NULL,'',1,'2016-02-15 15:26:37','2016-02-15 15:26:37',19,0.0000,0.0000,0.0000,0.0000,0.0000),(127,'buy','2014-07-07',14,5,68.2000,3.4100,0.0700,0.0200,0.0000,'20S3P5SA',100.0000,'gbp',NULL,NULL,NULL,NULL,NULL,NULL,'',1,'2016-02-15 15:27:24','2016-02-15 15:27:24',19,0.0000,0.0000,0.0000,0.0000,0.0000),(128,'buy','2014-01-12',14,12,76.3256,9.1600,0.1800,0.0500,0.0000,'20TD50YA',100.0000,'gbp',NULL,NULL,NULL,NULL,NULL,NULL,'',1,'2016-02-15 15:29:02','2016-02-15 15:29:02',19,0.0000,0.0000,0.0000,0.0000,0.0000),(129,'sell','2015-04-13',14,410,78.8064,323.1100,5.0000,0.0000,0.0000,'20V2S6PA',100.0000,'gbp',NULL,NULL,NULL,NULL,NULL,NULL,'',1,'2016-02-15 15:30:03','2016-02-15 15:30:03',19,0.0000,0.0000,0.0000,0.0000,0.0000),(130,'dividend','2013-07-05',14,380,NULL,NULL,NULL,NULL,NULL,'',NULL,'gbp',NULL,'2013-06-05','2013-07-05','2013-07-05',0.0100,3.8000,'',1,'2016-02-15 15:38:26','2016-02-15 15:38:26',19,10.0000,0.4200,4.2200,0.0000,0.0000),(131,'dividend','2014-01-10',14,383,NULL,NULL,NULL,NULL,NULL,'',NULL,'gbp',NULL,'2013-12-04','2014-01-10','2014-01-10',0.0240,9.1900,'',1,'2016-02-15 15:40:46','2016-02-15 15:40:46',19,10.0000,1.0200,10.2100,0.0000,0.0000),(132,'dividend','2014-07-04',14,893,NULL,NULL,NULL,NULL,NULL,'',NULL,'gbp',NULL,'2014-06-04','2014-07-04','2014-07-04',0.0100,3.9300,'',1,'2016-02-15 15:42:45','2016-02-15 15:42:45',19,10.0000,0.4400,4.3700,0.0000,0.0000),(133,'dividend','2015-01-09',14,398,NULL,NULL,NULL,NULL,NULL,'',NULL,'gbp',NULL,'2014-12-04','2015-01-09','2015-01-09',0.0240,9.5500,'',1,'2016-02-15 15:45:10','2016-02-15 15:45:10',19,10.0000,1.0600,10.6100,0.0000,0.0000),(134,'dividend','2016-03-24',44,26,NULL,NULL,NULL,NULL,NULL,'',NULL,'gbp',NULL,'2016-02-18','2016-03-29','2016-03-24',0.3278,8.5200,'',1,'2016-08-01 11:04:02','2016-08-01 11:04:02',1,10.0000,0.9500,9.4700,0.0000,0.0000),(135,'dividend','2016-07-27',44,26,NULL,NULL,NULL,NULL,NULL,'',NULL,'gbp',NULL,'2016-05-19','2016-06-27','2016-06-27',0.3298,8.5700,'',1,'2016-08-01 11:06:22','2016-08-01 11:06:22',1,0.0000,0.0000,8.5700,0.0000,0.0000),(136,'dividend','2016-09-20',44,26,NULL,NULL,NULL,NULL,NULL,'',NULL,'gbp',NULL,'2016-08-11','2016-09-19','2016-09-20',0.3527,9.1700,'',1,'2016-09-21 12:13:23','2016-09-21 12:13:23',1,0.0000,0.0000,9.1700,0.0000,0.0000);
/*!40000 ALTER TABLE `transactions` ENABLE KEYS */;
UNLOCK TABLES;

--
-- Table structure for table `users`
--

DROP TABLE IF EXISTS `users`;
/*!40101 SET @saved_cs_client     = @@character_set_client */;
/*!40101 SET character_set_client = utf8 */;
CREATE TABLE `users` (
  `id` int(11) NOT NULL AUTO_INCREMENT,
  `name` varchar(255) COLLATE utf8_unicode_ci DEFAULT NULL,
  `email` varchar(255) COLLATE utf8_unicode_ci DEFAULT NULL,
  `password_digest` varchar(255) COLLATE utf8_unicode_ci DEFAULT NULL,
  `remember_token` varchar(255) COLLATE utf8_unicode_ci DEFAULT NULL,
  `level` int(11) DEFAULT NULL,
  `active` tinyint(1) DEFAULT NULL,
  `created_at` datetime DEFAULT NULL,
  `updated_at` datetime DEFAULT NULL,
  PRIMARY KEY (`id`)
) ENGINE=InnoDB AUTO_INCREMENT=2 DEFAULT CHARSET=utf8 COLLATE=utf8_unicode_ci;
/*!40101 SET character_set_client = @saved_cs_client */;

--
-- Dumping data for table `users`
--

LOCK TABLES `users` WRITE;
/*!40000 ALTER TABLE `users` DISABLE KEYS */;
INSERT INTO `users` VALUES (1,'Alan Tracey','actracey@gmail.com','$2a$10$w5d7RBA/tLW85vx1K6w3GOl687tvzJ0nWx.vPbQgXtFqetE9gyyOe','1bcd52a8822e47894743f380db1ecfd1b227239c',NULL,NULL,'2015-02-11 11:18:39','2016-10-17 08:42:50');
/*!40000 ALTER TABLE `users` ENABLE KEYS */;
UNLOCK TABLES;
/*!40103 SET TIME_ZONE=@OLD_TIME_ZONE */;

/*!40101 SET SQL_MODE=@OLD_SQL_MODE */;
/*!40014 SET FOREIGN_KEY_CHECKS=@OLD_FOREIGN_KEY_CHECKS */;
/*!40014 SET UNIQUE_CHECKS=@OLD_UNIQUE_CHECKS */;
/*!40101 SET CHARACTER_SET_CLIENT=@OLD_CHARACTER_SET_CLIENT */;
/*!40101 SET CHARACTER_SET_RESULTS=@OLD_CHARACTER_SET_RESULTS */;
/*!40101 SET COLLATION_CONNECTION=@OLD_COLLATION_CONNECTION */;
/*!40111 SET SQL_NOTES=@OLD_SQL_NOTES */;

-- Dump completed on 2016-11-11 15:50:16
